B23025_001E,B23025_002E,B23025_003E,B23025_004E,B23025_005E,B23025_006E,B23025_007E,name,school district (secondary),state
55246.0,25306.0,25280.0,22898.0,2382.0,26.0,29940.0,"Colorado River Union High School District, Arizona",00082,04
104687.0,65587.0,64761.0,61497.0,3264.0,826.0,39100.0,"Agua Fria Union High School District, Arizona",00450,04
5546.0,2275.0,2272.0,2114.0,158.0,3.0,3271.0,"Antelope Union High School District, Arizona",00720,04
8844.0,2581.0,2581.0,2327.0,254.0,0.0,6263.0,"Bicentennial Union High School District, Arizona",01160,04
57308.0,32032.0,31847.0,29847.0,2000.0,185.0,25276.0,"Buckeye Union High School District, Arizona",01410,04
69742.0,37718.0,37654.0,34009.0,3645.0,64.0,32024.0,"Casa Grande Union High School District, Arizona",01740,04
263859.0,165946.0,165801.0,152662.0,13139.0,145.0,97913.0,"Glendale Union High School District, Arizona",03450,04
29442.0,15207.0,15192.0,13924.0,1268.0,15.0,14235.0,"Mingus Union High School District, Arizona",05070,04
2769.0,1232.0,1232.0,1179.0,53.0,0.0,1537.0,"Patagonia Union High School District, Arizona",06030,04
526109.0,333243.0,332799.0,306523.0,26276.0,444.0,192866.0,"Phoenix Union High School District, Arizona",06330,04
16245.0,4694.0,4662.0,4165.0,497.0,32.0,11551.0,"Santa Cruz Valley Union High School District, Arizona",07530,04
261868.0,185137.0,185072.0,175239.0,9833.0,65.0,76731.0,"Tempe Union High School District, Arizona",08340,04
137639.0,94974.0,94683.0,88442.0,6241.0,291.0,42665.0,"Tolleson Union High School District, Arizona",08520,04
3175.0,1170.0,1170.0,1061.0,109.0,0.0,2005.0,"Valley Union High School District, Arizona",08910,04
151555.0,85150.0,81756.0,72777.0,8979.0,3394.0,66405.0,"Yuma Union High School District, Arizona",09630,04
3677307.0,2144864.0,2133040.0,1985227.0,147813.0,11824.0,1532443.0,"Remainder of Arizona, Arizona",99999,04
39427.0,23918.0,23856.0,21358.0,2498.0,62.0,15509.0,"Northern Humboldt Union High School District, California",03030,06
21279.0,12069.0,12069.0,9811.0,2258.0,0.0,9210.0,"Brawley Union High School District, California",05820,06
15586.0,7356.0,7349.0,6831.0,518.0,7.0,8230.0,"Bret Harte Union High School District, California",05940,06
43984.0,26098.0,26091.0,24338.0,1753.0,7.0,17886.0,"Alhambra Unified (9-12) School District, California",06037,06
1741.0,1088.0,1088.0,1029.0,59.0,0.0,653.0,"Gonzales Unified (9-12) School District, California",06053,06
36387.0,20611.0,20595.0,18020.0,2575.0,16.0,15776.0,"Porterville Unified (9-12) School District, California",06107,06
181228.0,125527.0,125415.0,119002.0,6413.0,112.0,55701.0,"Campbell Union High School District, California",07230,06
116419.0,80388.0,80372.0,73693.0,6679.0,16.0,36031.0,"Centinela Valley Union High School District, California",07920,06
44687.0,25038.0,24680.0,21089.0,3591.0,358.0,19649.0,"Central Union High School District, California",08010,06
322559.0,214308.0,214165.0,197125.0,17040.0,143.0,108251.0,"Chaffey Joint Union High School District, California",08160,06
18611.0,6119.0,6093.0,5678.0,415.0,26.0,12492.0,"Chowchilla Union High School District, California",08550,06
13246.0,7572.0,7572.0,6715.0,857.0,0.0,5674.0,"Corning Union High School District, California",09810,06
1443.0,805.0,805.0,673.0,132.0,0.0,638.0,"Dinuba Unified (9-12) in Kings River Union, California",06016,06
2882.0,1748.0,1748.0,1411.0,337.0,0.0,1134.0,"Turlock Unified School District in Chatom Union, California",06013,06
4765.0,2991.0,2991.0,2527.0,464.0,0.0,1774.0,"Turlock Unified School District in Keyes Union, California",06014,06
23423.0,15212.0,15212.0,14561.0,651.0,0.0,8211.0,"Santa Cruz City High School District (9-12) in Soquel, California",06015,06
1777.0,999.0,999.0,898.0,101.0,0.0,778.0,"Dinuba Unified (9-12) in Monson-Sultana Joint Union, California",06017,06
284092.0,154298.0,154038.0,139827.0,14211.0,260.0,129794.0,"Antelope Valley Union Joint High School District, California",02820,06
7115.0,4027.0,4027.0,3536.0,491.0,0.0,3088.0,"Washington Unified School District (9-12), California",06018,06
92432.0,56073.0,56039.0,51728.0,4311.0,34.0,36359.0,"Santa Barbara Unified School District (7-12), California",06019,06
249.0,159.0,159.0,155.0,4.0,0.0,90.0,"Lammersville Joint Unified School District (9-12), California",06020,06
52426.0,27977.0,27967.0,23921.0,4046.0,10.0,24449.0,"Delano Joint Union High School District, California",10860,06
1850.0,863.0,863.0,803.0,60.0,0.0,987.0,"Dunsmuir Joint Union High School District, California",11700,06
2160.0,1235.0,1235.0,1173.0,62.0,0.0,925.0,"East Nicolaus Joint Union High School District, California",11780,06
10130.0,5018.0,4996.0,4560.0,436.0,22.0,5112.0,"Yosemite Unified School District in Bass Lake, California",06001,06
1033.0,564.0,564.0,470.0,94.0,0.0,469.0,"Yosemite Unified School District in Raymond-Knowles, California",06002,06
2873.0,1733.0,1733.0,1666.0,67.0,0.0,1140.0,"Twin Rivers Unified School District in Elverta, California",06003,06
14282.0,8889.0,8879.0,8046.0,833.0,10.0,5393.0,"Twin Rivers Unified School District in Robla, California",06004,06
131.0,51.0,51.0,49.0,2.0,0.0,80.0,"Scott Valley Unified School District in Forks of Salmon, California",06005,06
693.0,296.0,296.0,240.0,56.0,0.0,397.0,"Trinity Alps Unified School District in Burnt Ranch, California",06006,06
268.0,157.0,157.0,146.0,11.0,0.0,111.0,"Trinity Alps Unified School District in Coffee Creek, California",06007,06
473.0,278.0,278.0,261.0,17.0,0.0,195.0,"Trinity Alps Unified School District in Douglas City, California",06009,06
623.0,165.0,165.0,157.0,8.0,0.0,458.0,"Trinity Alps Unified School District in Junction City, California",06010,06
1599.0,645.0,645.0,591.0,54.0,0.0,954.0,"Trinity Alps Unified School District in Lewiston, California",06011,06
323.0,102.0,102.0,79.0,23.0,0.0,221.0,"Trinity Alps Unified School District in Trinity Center, California",06012,06
96937.0,58214.0,58191.0,55160.0,3031.0,23.0,38723.0,"Acalanes Union High School District, California",01650,06
311337.0,203655.0,203570.0,190317.0,13253.0,85.0,107682.0,"Anaheim Union High School District, California",02630,06
44689.0,27377.0,27366.0,25542.0,1824.0,11.0,17312.0,"West Sonoma County Union High School District, California",02670,06
31296.0,16777.0,16777.0,15501.0,1276.0,0.0,14519.0,"Anderson Union High School District, California",02700,06
106.0,70.0,70.0,69.0,1.0,0.0,36.0,"Santa Paula Unified (9-12) in Santa Clara, California",06024,06
4135.0,950.0,950.0,872.0,78.0,0.0,3185.0,"Tracy Unified School District (9-12) in Banta, California",06031,06
476.0,286.0,286.0,253.0,33.0,0.0,190.0,"Woodlake Unified School District (9-12) in Stone Corral, California",06026,06
8334.0,4781.0,4767.0,4269.0,498.0,14.0,3553.0,"Perris Union High School District in Nuview (9-12), California",06035,06
2400.0,1630.0,1630.0,1499.0,131.0,0.0,770.0,"Santa Paula Unified (9-12) in Briggs, California",06022,06
11382.0,7748.0,7727.0,7225.0,502.0,21.0,3634.0,"Tracy Unified School District (9-12) in Jefferson, California",06032,06
69950.0,40185.0,39722.0,36195.0,3527.0,463.0,29765.0,"Perris Union High School District in Menifee (9-12), California",06034,06
23545.0,13773.0,13691.0,12524.0,1167.0,82.0,9772.0,"Perris Union High School District in Romoland (9-12), California",06036,06
732.0,516.0,516.0,502.0,14.0,0.0,216.0,"Healdsburg Unified (7-12) in Alexander Valley Union, California",06038,06
1012.0,525.0,525.0,502.0,23.0,0.0,487.0,"Healdsburg Unified (9-12) in West Side Union, California",06039,06
461599.0,281829.0,281536.0,251929.0,29607.0,293.0,179770.0,"Kern High School District, California",19540,06
62931.0,41790.0,41181.0,39047.0,2134.0,609.0,21141.0,"Petaluma Joint Union High School District, California",30250,06
76247.0,42521.0,42500.0,39799.0,2701.0,21.0,33726.0,"Placer Union High School District, California",30750,06
4836.0,2457.0,2457.0,2279.0,178.0,0.0,2379.0,"Point Arena Joint Union High School District, California",31230,06
33798.0,17703.0,17669.0,15947.0,1722.0,34.0,16095.0,"Red Bluff Joint Union High School District, California",32010,06
138889.0,88358.0,87996.0,82667.0,5329.0,362.0,50531.0,"Roseville Joint Union High School District, California",33630,06
129108.0,81162.0,81104.0,76171.0,4933.0,58.0,47946.0,"Salinas Union High School District, California",33980,06
40183.0,27615.0,27580.0,25141.0,2439.0,35.0,12568.0,"San Benito High School District, California",34140,06
142312.0,91856.0,91551.0,86830.0,4721.0,305.0,50456.0,"San Dieguito Union High School District, California",34380,06
193989.0,133210.0,133150.0,127131.0,6019.0,60.0,60779.0,"San Mateo Union High School District, California",34980,06
63413.0,39720.0,39685.0,37663.0,2022.0,35.0,23693.0,"San Rafael City High School District, California",35110,06
84613.0,52445.0,52435.0,48580.0,3855.0,10.0,32168.0,"Santa Cruz City High School District, California",35600,06
110065.0,71918.0,71640.0,67271.0,4369.0,278.0,38147.0,"Santa Maria Joint Union High School District, California",35670,06
174168.0,113114.0,112967.0,105761.0,7206.0,147.0,61054.0,"Santa Rosa High School District, California",35830,06
17300.0,11349.0,11328.0,10785.0,543.0,21.0,5951.0,"Santa Ynez Valley Union High School District, California",35850,06
203233.0,140163.0,140094.0,133737.0,6357.0,69.0,63070.0,"Sequoia Union High School District, California",36390,06
82913.0,44801.0,44779.0,41911.0,2868.0,22.0,38112.0,"Shasta Union High School District, California",36600,06
13080.0,7028.0,7003.0,6503.0,500.0,25.0,6052.0,"Siskiyou Union High School District, California",36940,06
116900.0,61890.0,61657.0,52706.0,8951.0,233.0,55010.0,"Victor Valley Union High School District, California",36972,06
33384.0,16037.0,16037.0,14753.0,1284.0,0.0,17347.0,"Sonora Union High School District, California",37260,06
8578.0,4229.0,4229.0,3915.0,314.0,0.0,4349.0,"Summerville Union High School District, California",38280,06
6318.0,3692.0,3659.0,3449.0,210.0,33.0,2626.0,"Sutter Union High School District, California",38610,06
381026.0,238314.0,229495.0,207008.0,22487.0,8819.0,142712.0,"Sweetwater Union High School District, California",38640,06
443487.0,298268.0,298175.0,277493.0,20682.0,93.0,145219.0,"East Side Union High School District, California",11820,06
115340.0,65087.0,64898.0,59749.0,5149.0,189.0,50253.0,"El Dorado Union High School District, California",12070,06
141873.0,82857.0,82813.0,77319.0,5494.0,44.0,59016.0,"El Monte Union High School District, California",12120,06
133847.0,87007.0,86513.0,81089.0,5424.0,494.0,46840.0,"Escondido Union High School District, California",12910,06
54068.0,37394.0,21540.0,20213.0,1327.0,15854.0,16674.0,"Fallbrook Union High School District, California",13530,06
7471.0,3547.0,3547.0,3152.0,395.0,0.0,3924.0,"Upper Lake Union High School District, California",40500,06
22342.0,10255.0,10240.0,8958.0,1282.0,15.0,12087.0,"Wasco Union High School District, California",41430,06
9202.0,6219.0,5312.0,4868.0,444.0,907.0,2983.0,"Wheatland Union High School District, California",42350,06
180466.0,110343.0,110293.0,103798.0,6495.0,50.0,70123.0,"Whittier Union High School District, California",42480,06
212302.0,142581.0,142430.0,132156.0,10274.0,151.0,69721.0,"William S. Hart Union High School District, California",42510,06
14298.0,7060.0,7060.0,6336.0,724.0,0.0,7238.0,"Yreka Union High School District, California",43410,06
22518666.0,14353136.0,14268998.0,13173189.0,1095809.0,84138.0,8165530.0,"Remainder of California, California",99999,06
17704.0,9891.0,9891.0,9058.0,833.0,0.0,7813.0,"Fortuna Union High School District, California",14190,06
185074.0,122392.0,122328.0,116233.0,6095.0,64.0,62682.0,"Fremont Union High School District, California",14430,06
205869.0,133231.0,133150.0,123545.0,9605.0,81.0,72638.0,"Fullerton Joint Union High School District, California",14760,06
30318.0,18466.0,18441.0,16819.0,1622.0,25.0,11852.0,"Galt Joint Union High School District, California",14820,06
378740.0,243731.0,240305.0,220328.0,19977.0,3426.0,135009.0,"Grossmont Union High School District, California",16230,06
52480.0,31797.0,31058.0,28197.0,2861.0,739.0,20683.0,"Hanford Joint Union High School District, California",16500,06
265975.0,171840.0,171656.0,162831.0,8825.0,184.0,94135.0,"Huntington Beach Union High School District, California",18060,06
126919.0,87725.0,87665.0,82607.0,5058.0,60.0,39194.0,"Jefferson Union High School District, California",18930,06
2646.0,1230.0,1229.0,1129.0,100.0,1.0,1416.0,"Julian Union High School District, California",19110,06
28364.0,17077.0,15952.0,14929.0,1023.0,1125.0,11287.0,"King City Joint Union High School District, California",19650,06
5744.0,3414.0,3414.0,2804.0,610.0,0.0,2330.0,"Le Grand Union High School District, California",21270,06
15091.0,7427.0,7409.0,6680.0,729.0,18.0,7664.0,"Taft Union High School District, California",38730,06
94866.0,61688.0,61650.0,58937.0,2713.0,38.0,33178.0,"Tamalpais Union High School District, California",38790,06
58330.0,34553.0,34511.0,31643.0,2868.0,42.0,23777.0,"Tulare Joint Union High School District, California",39930,06
13820.0,8415.0,8407.0,7669.0,738.0,8.0,5405.0,"Kingsburg Joint Union High School District, California",19830,06
21579.0,7589.0,7578.0,7092.0,486.0,11.0,13990.0,"Lassen Union High School District, California",21060,06
129488.0,75863.0,75740.0,64362.0,11378.0,123.0,53625.0,"Merced Union High School District, California",24660,06
28674.0,20249.0,16894.0,15530.0,1364.0,3355.0,8425.0,"Lemoore Union High School District, California",21400,06
91555.0,58765.0,58617.0,54542.0,4075.0,148.0,32790.0,"Liberty Union High School District, California",21600,06
45078.0,27349.0,27349.0,25891.0,1458.0,0.0,17729.0,"Los Gatos-Saratoga Joint Union School District, California",22800,06
210548.0,127882.0,127814.0,112898.0,14916.0,68.0,82666.0,"Modesto City High School District, California",25150,06
91895.0,63977.0,63819.0,61270.0,2549.0,158.0,27918.0,"Mountain View-Los Altos Union School District, California",26310,06
70282.0,35504.0,35379.0,32563.0,2816.0,125.0,34778.0,"Nevada Joint Union High School District, California",26880,06
41685.0,19244.0,19234.0,17031.0,2203.0,10.0,22441.0,"Oroville Union High School District, California",29130,06
253025.0,169251.0,166530.0,154759.0,11771.0,2721.0,83774.0,"Oxnard Union High School District, California",29270,06
35131.0,21752.0,21752.0,18397.0,3355.0,0.0,13379.0,"Perris Union High School District, California",30210,06
890.0,520.0,520.0,460.0,60.0,0.0,370.0,"Santa Paula Unified (9-12) in Mupu, California",06023,06
1119.0,546.0,546.0,522.0,24.0,0.0,573.0,"Bishop Unified School District in Round Valley (9-12), California",06021,06
665.0,428.0,428.0,406.0,22.0,0.0,237.0,"Exeter Unified School District (9-12) in Outside Creek, California",06029,06
1525.0,809.0,809.0,726.0,83.0,0.0,716.0,"Exeter Unified School District (9-12) in Sequoia Union, California",06028,06
488.0,292.0,292.0,269.0,23.0,0.0,196.0,"Hamilton Unified School District in Capay (9-12), California",06025,06
1707.0,1018.0,1018.0,899.0,119.0,0.0,689.0,"Tracy Unified School District (9-12) in New Jerusalem, California",06033,06
2012.0,1043.0,1043.0,989.0,54.0,0.0,969.0,"Woodlake Unified School District (9-12) in Three Rivers Union, California",06027,06
10757.0,7395.0,7377.0,7086.0,291.0,18.0,3362.0,"Regional High School District 07, Connecticut",03720,09
32939.0,20068.0,20048.0,18807.0,1241.0,20.0,12871.0,"Regional High School District 19, Connecticut",00005,09
4920.0,3354.0,3337.0,3124.0,213.0,17.0,1566.0,"Regional High School District 11, Connecticut",03570,09
13058.0,8187.0,8187.0,7849.0,338.0,0.0,4871.0,"Regional High School District 01, Connecticut",03600,09
13191.0,8671.0,8661.0,8304.0,357.0,10.0,4520.0,"Regional High School District 04, Connecticut",03630,09
22955.0,15002.0,15002.0,14275.0,727.0,0.0,7953.0,"Regional High School District 05, Connecticut",03660,09
15709.0,10991.0,10991.0,10522.0,469.0,0.0,4718.0,"Regional High School District 08, Connecticut",03750,09
13530.0,8591.0,8591.0,8203.0,388.0,0.0,4939.0,"Regional High School District 09, Connecticut",03780,09
2801032.0,1872105.0,1863604.0,1726916.0,136688.0,8501.0,928927.0,"Remainder of Connecticut, Connecticut",99999,09
6664.0,5792.0,1344.0,1126.0,218.0,4448.0,872.0,"Chattahoochee County for Fort Benning, Georgia",13053,13
7517.0,6141.0,1904.0,1731.0,173.0,4237.0,1376.0,"Muscogee County for Fort Benning, Georgia",13215,13
7971152.0,5014373.0,4975662.0,4603472.0,372190.0,38711.0,2956779.0,"Remainder of Georgia, Georgia",99999,13
34284.0,22929.0,22906.0,20833.0,2073.0,23.0,11355.0,"Zion-Benton Township High School District 126, Illinois",43890,17
6417526.0,4181715.0,4168373.0,3844709.0,323664.0,13342.0,2235811.0,"Remainder of Illinois, Illinois",99999,17
6801.0,4004.0,3986.0,3808.0,178.0,18.0,2797.0,"Illini West High School District 307, Illinois",01384,17
5482.0,3574.0,3574.0,3343.0,231.0,0.0,1908.0,"Seneca Township High School District 160, Illinois",35850,17
3974.0,2229.0,2223.0,2010.0,213.0,6.0,1745.0,"St. Anne Community High School District 302, Illinois",37140,17
819.0,512.0,508.0,484.0,24.0,4.0,307.0,"Flanagan-Cornell District 74 in Cornell, Illinois",17901,17
36.0,30.0,30.0,28.0,2.0,0.0,6.0,"Flanagan-Cornell District 74 in Pontiac, Illinois",17902,17
0.0,0.0,0.0,0.0,0.0,0.0,0.0,"Flanagan-Cornell District 74 in Rooks Creek, Illinois",17903,17
8738.0,4629.0,4629.0,4450.0,179.0,0.0,4109.0,"Anna Jonesboro Community High School District 81, Illinois",03780,17
35793.0,24790.0,24782.0,23023.0,1759.0,8.0,11003.0,"Antioch Community High School District 117, Illinois",03870,17
31477.0,20567.0,20567.0,18810.0,1757.0,0.0,10910.0,"Argo Community High School District 217, Illinois",04020,17
202875.0,138527.0,138454.0,131744.0,6710.0,73.0,64348.0,"Township High School District 214, Illinois",04170,17
1226.0,847.0,847.0,812.0,35.0,0.0,379.0,"Armstrong Township High School District 225, Illinois",04230,17
13585.0,9819.0,9815.0,9506.0,309.0,4.0,3766.0,"Central Community High School District 71, Illinois",04770,17
86312.0,56529.0,55877.0,52557.0,3320.0,652.0,29783.0,"Belleville Township High School District 201, Illinois",05640,17
10226.0,5449.0,5449.0,4950.0,499.0,0.0,4777.0,"Benton Consolidated High School District 103, Illinois",05970,17
7990.0,4663.0,4661.0,4423.0,238.0,2.0,3327.0,"Fairfield Community High School District 225, Illinois",26180,17
29640.0,20874.0,20864.0,19777.0,1087.0,10.0,8766.0,"Minooka Community High School District 111, Illinois",26340,17
15126.0,9386.0,9365.0,8817.0,548.0,21.0,5740.0,"Morris Community High School District 101, Illinois",26640,17
118492.0,78880.0,78880.0,73011.0,5869.0,0.0,39612.0,"J. Sterling Morton High School District 201, Illinois",26880,17
23550.0,12705.0,12698.0,11656.0,1042.0,7.0,10845.0,"Mount Vernon Township High School District 201, Illinois",27360,17
34233.0,24136.0,24098.0,22967.0,1131.0,38.0,10097.0,"Mundelein Consolidated High School District 120, Illinois",27570,17
6789.0,4343.0,4343.0,4194.0,149.0,0.0,2446.0,"Nashville Community High School District 99, Illinois",27740,17
45258.0,27021.0,27021.0,26118.0,903.0,0.0,18237.0,"New Trier Township High School District 203, Illinois",28200,17
3120.0,2075.0,2075.0,1977.0,98.0,0.0,1045.0,"Newark Community High School District 18, Illinois",28260,17
80184.0,47520.0,47505.0,44935.0,2570.0,15.0,32664.0,"Niles Township Community High School District 219, Illinois",28530,17
69731.0,40640.0,40640.0,39162.0,1478.0,0.0,29091.0,"Northfield Township High School District 225, Illinois",29010,17
31797.0,19986.0,19954.0,18457.0,1497.0,32.0,11811.0,"Oak Lawn Community High School District 229, Illinois",29220,17
49450.0,34647.0,34632.0,32715.0,1917.0,15.0,14803.0,"Oak Park and River Forest District 200, Illinois",29280,17
592.0,341.0,341.0,326.0,15.0,0.0,251.0,"Ohio Community High School District 505, Illinois",29730,17
31651.0,21374.0,20359.0,18954.0,1405.0,1015.0,10277.0,"O'Fallon Township High School District 203, Illinois",29790,17
24776.0,15588.0,15557.0,14193.0,1364.0,31.0,9188.0,"Ottawa Township High School District 140, Illinois",30330,17
189533.0,135802.0,135727.0,129081.0,6646.0,75.0,53731.0,"Township High School District 211, Illinois",30450,17
35608.0,21887.0,21882.0,20514.0,1368.0,5.0,13721.0,"Pekin Community High School District 303, Illinois",31110,17
8979.0,3774.0,3773.0,3542.0,231.0,1.0,5205.0,"Pinckneyville Community High School District 101, Illinois",31620,17
13334.0,7000.0,6986.0,6532.0,454.0,14.0,6334.0,"Pontiac Township High School District 90, Illinois",32220,17
48268.0,33859.0,33859.0,32135.0,1724.0,0.0,14409.0,"Adlai E. Stevenson High School District 125, Illinois",32580,17
9922.0,6208.0,6208.0,5915.0,293.0,0.0,3714.0,"Princeton High School District 500, Illinois",32700,17
101316.0,67905.0,67859.0,61516.0,6343.0,46.0,33411.0,"Proviso Township High School District 209, Illinois",32910,17
13487.0,8450.0,8450.0,7947.0,503.0,0.0,5037.0,"Rantoul Township High School District 193, Illinois",33240,17
26375.0,16669.0,16669.0,15105.0,1564.0,0.0,9706.0,"Reavis Township High School District 220, Illinois",33270,17
55966.0,36170.0,36126.0,30821.0,5305.0,44.0,19796.0,"Rich Township High School District 227, Illinois",33420,17
9342.0,6352.0,6352.0,5979.0,373.0,0.0,2990.0,"Richmond-Burton Community High School District 157, Illinois",33510,17
16576.0,9871.0,9871.0,9253.0,618.0,0.0,6705.0,"Ridgewood Community High School District 234, Illinois",33720,17
23163.0,15445.0,15445.0,14362.0,1083.0,0.0,7718.0,"Riverside Brookfield Township School District 208, Illinois",34020,17
13070.0,8616.0,8616.0,8032.0,584.0,0.0,4454.0,"Rochelle Township High School District 212, Illinois",34290,17
11458.0,7079.0,7074.0,6448.0,626.0,5.0,4379.0,"Rock Falls Township High School District 301, Illinois",34380,17
11658.0,7227.0,7227.0,6666.0,561.0,0.0,4431.0,"Salem Community High School District 600, Illinois",35190,17
6526.0,4638.0,4638.0,4540.0,98.0,0.0,1888.0,"St. Joseph-Ogden Community High School District 305, Illinois",37410,17
14511.0,8848.0,8848.0,7907.0,941.0,0.0,5663.0,"Streator Township High School District 40, Illinois",38100,17
47677.0,31259.0,31235.0,26760.0,4475.0,24.0,16418.0,"Thornton Fractional Township High School District 215, Illinois",38940,17
90460.0,54139.0,54108.0,44305.0,9803.0,31.0,36321.0,"Thornton Township High School District 205, Illinois",38970,17
30524.0,18501.0,18473.0,17017.0,1456.0,28.0,12023.0,"United Township High School District 30, Illinois",39870,17
8055.0,3089.0,3073.0,2814.0,259.0,16.0,4966.0,"Vienna High School District 133, Illinois",40290,17
33373.0,23533.0,23533.0,22545.0,988.0,0.0,9840.0,"Community High School District 94, Illinois",40440,17
53160.0,38644.0,38372.0,35874.0,2498.0,272.0,14516.0,"Warren Township High School District 121, Illinois",40800,17
18583.0,12098.0,12025.0,11543.0,482.0,73.0,6485.0,"Washington Community High School District 308, Illinois",40980,17
2160.0,1406.0,1406.0,1239.0,167.0,0.0,754.0,"Webber Township High School District 204, Illinois",41370,17
2713.0,1933.0,1933.0,1801.0,132.0,0.0,780.0,"Woodlawn Community High School District 205, Illinois",43200,17
73903.0,49188.0,49188.0,44237.0,4951.0,0.0,24715.0,"Bremen Community High School District 228, Illinois",07050,17
49587.0,30492.0,30401.0,25426.0,4975.0,91.0,19095.0,"Bloom Township High School District 206, Illinois",06420,17
98285.0,61278.0,61251.0,55051.0,6200.0,27.0,37007.0,"Community High School District 218, Illinois",06540,17
30917.0,20289.0,20230.0,19106.0,1124.0,59.0,10628.0,"Bradley-Bourbonnais Consolidated High School District 307, Illinois",06960,17
31680.0,18052.0,18028.0,16404.0,1624.0,24.0,13628.0,"Carbondale Community High School District 165, Illinois",08370,17
130121.0,83209.0,83209.0,78515.0,4694.0,0.0,46912.0,"Consolidated High School District 230, Illinois",08400,17
16979.0,10114.0,10114.0,9229.0,885.0,0.0,6865.0,"Centralia High School District 200, Illinois",09300,17
740.0,487.0,487.0,459.0,28.0,0.0,253.0,"Chester Non-High School District 122, Illinois",09780,17
76215.0,54646.0,54633.0,51971.0,2662.0,13.0,21569.0,"Community High School District 155, Illinois",11370,17
89758.0,61951.0,61942.0,58712.0,3230.0,9.0,27807.0,"Community High School District 99, Illinois",12570,17
4634.0,2658.0,2658.0,2545.0,113.0,0.0,1976.0,"Dwight Township High School District 230, Illinois",12870,17
10956.0,6595.0,6595.0,6147.0,448.0,0.0,4361.0,"East Alton-Wood River Community High School District 14, Illinois",12990,17
22030.0,13925.0,13876.0,13032.0,844.0,49.0,8105.0,"East Peoria Community High School District 309, Illinois",13230,17
65803.0,45074.0,45065.0,42277.0,2788.0,9.0,20729.0,"DuPage High School District 88, Illinois",13940,17
67735.0,42258.0,42233.0,40079.0,2154.0,25.0,25477.0,"Evanston Township High School District 202, Illinois",14490,17
15526.0,10385.0,10385.0,9800.0,585.0,0.0,5141.0,"Evergreen Park Community High School District 231, Illinois",14580,17
24000.0,16879.0,16879.0,15909.0,970.0,0.0,7121.0,"Fenton Community High School District 100, Illinois",15030,17
10481.0,6876.0,6862.0,6525.0,337.0,14.0,3605.0,"Freeburg Community High School District 77, Illinois",15840,17
3345.0,2159.0,2159.0,1990.0,169.0,0.0,1186.0,"Gardner-South Wilmington Township High School District, Illinois",16260,17
133195.0,94086.0,94059.0,89134.0,4925.0,27.0,39109.0,"Glenbard Township High School District 87, Illinois",16830,17
29312.0,20650.0,20547.0,19001.0,1546.0,103.0,8662.0,"Grant Community High School District 124, Illinois",17340,17
35104.0,25031.0,24991.0,23480.0,1511.0,40.0,10073.0,"Grayslake Community High School District 127, Illinois",17550,17
7219.0,4706.0,4706.0,4373.0,333.0,0.0,2513.0,"Hall High School District 502, Illinois",18030,17
45679.0,29836.0,29703.0,28452.0,1251.0,133.0,15843.0,"Township High School District 113, Illinois",19080,17
60250.0,36708.0,36655.0,35183.0,1472.0,53.0,23542.0,"Hinsdale Township High School District 86, Illinois",19320,17
31157.0,19949.0,19949.0,18161.0,1788.0,0.0,11208.0,"Homewood-Flossmoor Community High School District 233, Illinois",19560,17
25853.0,18219.0,18219.0,17249.0,970.0,0.0,7634.0,"Hononegah Community High School District 207, Illinois",19620,17
99351.0,65820.0,65802.0,60817.0,4985.0,18.0,33531.0,"Joliet Township High School District 204, Illinois",20610,17
21232.0,13942.0,13930.0,13202.0,728.0,12.0,7290.0,"Lemont Township High School District 210, Illinois",22500,17
21795.0,12784.0,12418.0,11878.0,540.0,366.0,9011.0,"Lake Forest Community High School District 115, Illinois",21780,17
42473.0,30230.0,30181.0,28544.0,1637.0,49.0,12243.0,"Lake Park Community High School District 108, Illinois",21840,17
23054.0,14453.0,14436.0,13401.0,1035.0,17.0,8601.0,"LaSalle-Peru Township High School District 120, Illinois",22110,17
50516.0,34325.0,34321.0,31836.0,2485.0,4.0,16191.0,"Leyden Community High School District 212, Illinois",22740,17
40019.0,27273.0,27211.0,26140.0,1071.0,62.0,12746.0,"Libertyville Community High School District 128, Illinois",22830,17
17425.0,10939.0,10932.0,10291.0,641.0,7.0,6486.0,"Limestone Community High School District 310, Illinois",22950,17
18209.0,9264.0,9264.0,8678.0,586.0,0.0,8945.0,"Lincoln Community High School District 404, Illinois",23050,17
83754.0,59232.0,59226.0,55943.0,3283.0,6.0,24522.0,"Lincoln Way Community High School District 210, Illinois",23070,17
61475.0,38806.0,38797.0,36693.0,2104.0,9.0,22669.0,"Lockport Township High School District 205, Illinois",23350,17
36359.0,24843.0,24843.0,23303.0,1540.0,0.0,11516.0,"McHenry Community High School District 156, Illinois",25320,17
53499.0,34664.0,34664.0,33246.0,1418.0,0.0,18835.0,"Lyons Township High School District 204, Illinois",23880,17
119217.0,76780.0,76741.0,73254.0,3487.0,39.0,42437.0,"Maine Township High School District 207, Illinois",24090,17
10644.0,7103.0,7094.0,6700.0,394.0,9.0,3541.0,"Marengo Community High School District 154, Illinois",24570,17
8411.0,5228.0,5220.0,4740.0,480.0,8.0,3183.0,"Mendota Township High School District 280, Illinois",25650,17
12656.0,8078.0,8078.0,7598.0,480.0,0.0,4578.0,"Metamora Township High School District 122, Illinois",25770,17
1688.0,1111.0,1111.0,1081.0,30.0,0.0,577.0,"Jefferson County School District in Anchorage ISD, Kentucky",21004,21
2926.0,2234.0,2234.0,2189.0,45.0,0.0,692.0,"Campbell County School District in Southgate ISD, Kentucky",21005,21
988.0,474.0,474.0,427.0,47.0,0.0,514.0,"Laurel County School District for East Bernstadt ISD, Kentucky",21001,21
1714.0,996.0,996.0,963.0,33.0,0.0,718.0,"Pulaski County School District for Science Hill ISD, Kentucky",21002,21
720.0,417.0,415.0,377.0,38.0,2.0,303.0,"Elizabethtown Independent School District for West Point ISD, Kentucky",21003,21
3518030.0,2088340.0,2073637.0,1933113.0,140524.0,14703.0,1429690.0,"Remainder of Kentucky, Kentucky",99999,21
680.0,430.0,430.0,414.0,16.0,0.0,250.0,"Bremen, Maine",03480,23
1740.0,959.0,959.0,908.0,51.0,0.0,781.0,"Damariscotta, Maine",04830,23
1388.0,925.0,925.0,908.0,17.0,0.0,463.0,"Newcastle, Maine",08760,23
10860.0,6619.0,6616.0,6443.0,173.0,3.0,4241.0,"Five Town Community School District, Maine",00053,23
1463.0,784.0,752.0,679.0,73.0,32.0,679.0,"Moosabec Community School District, Maine",08400,23
8948.0,5858.0,5811.0,5369.0,442.0,47.0,3090.0,"Mount Desert Community School District, Maine",08500,23
1079449.0,681767.0,679990.0,643972.0,36018.0,1777.0,397682.0,"Remainder of Maine, Maine",99999,23
17047.0,11485.0,11476.0,10876.0,600.0,9.0,5562.0,"Tantasqua School District, Massachusetts",11490,25
1304.0,785.0,785.0,725.0,60.0,0.0,519.0,"Mohawk Trail Regional School District in Hawley and Charlemont towns, Massachusetts",22222,25
1400.0,909.0,909.0,869.0,40.0,0.0,491.0,"North Adams School District in Clarksburg (9-12), Massachusetts",25002,25
1504.0,1062.0,1062.0,986.0,76.0,0.0,442.0,"Gill-Montague School District in Erving (7-12), Massachusetts",25003,25
3062.0,2048.0,2048.0,1998.0,50.0,0.0,1014.0,"Swampscott School District in Nahant (7-12), Massachusetts",25005,25
1327.0,826.0,826.0,792.0,34.0,0.0,501.0,"Pittsfield School District in Richmond (9-12), Massachusetts",25006,25
337.0,195.0,195.0,191.0,4.0,0.0,142.0,"Mohawk Trail School District in Rowe (7-12), Massachusetts",25007,25
636.0,426.0,426.0,403.0,23.0,0.0,210.0,"Adams-Cheshire School District in Savoy (7-12), Massachusetts",25008,25
689.0,440.0,440.0,399.0,41.0,0.0,249.0,"North Adams School District in Florida (9-12), Massachusetts",25009,25
8884.0,5746.0,5746.0,5411.0,335.0,0.0,3138.0,"Fairhaven/New Bedford School Districts in Acushnet (9-12), Massachusetts",25010,25
1381.0,832.0,832.0,796.0,36.0,0.0,549.0,"Nauset/Provincetown School Districts in Turo (7-12), Massachusetts",25012,25
546.0,381.0,381.0,371.0,10.0,0.0,165.0,"Mount Greylock/New Lebanon (NY) School Districts in Hancock (7-12), Massachusetts",25013,25
76.0,34.0,34.0,32.0,2.0,0.0,42.0,"North Adams School District in Monroe (9-12), Massachusetts",25014,25
5249321.0,3547293.0,3542832.0,3328978.0,213854.0,4461.0,1702028.0,"Remainder of Massachusetts, Massachusetts",99999,25
7863.0,5022.0,5022.0,4891.0,131.0,0.0,2841.0,"Dover-Sherborn School District, Massachusetts",04290,25
2140.0,1344.0,1344.0,1261.0,83.0,0.0,796.0,"Lee/Berkshire Hills in Farmington River Regional (7-12), Massachusetts",25015,25
20624.0,13342.0,13342.0,12498.0,844.0,0.0,7282.0,"Somerset-Berkley School District, Massachusetts",00541,25
40985.0,23574.0,23574.0,21387.0,2187.0,0.0,17411.0,"Amherst-Pelham School District, Massachusetts",01920,25
6228.0,4424.0,4424.0,4304.0,120.0,0.0,1804.0,"Berlin-Boylston School District, Massachusetts",02580,25
19416.0,11179.0,11159.0,10738.0,421.0,20.0,8237.0,"Concord-Carlisle School District, Massachusetts",03870,25
21074.0,11326.0,11326.0,10819.0,507.0,0.0,9748.0,"Nauset School District, Massachusetts",04560,25
9909.0,7093.0,7093.0,6845.0,248.0,0.0,2816.0,"Frontier School District, Massachusetts",05100,25
10657.0,7582.0,7570.0,7114.0,456.0,12.0,3075.0,"Hampshire School District, Massachusetts",05740,25
25859.0,16977.0,16977.0,16289.0,688.0,0.0,8882.0,"King Philip School District, Massachusetts",06510,25
19179.0,12498.0,12114.0,11702.0,412.0,384.0,6681.0,"Lincoln-Sudbury School District, Massachusetts",06930,25
14335.0,9443.0,9437.0,9155.0,282.0,6.0,4892.0,"Martha's Vineyard School District, Massachusetts",07380,25
19693.0,12307.0,12292.0,11646.0,646.0,15.0,7386.0,"Masconomet School District, Massachusetts",07410,25
9358.0,5820.0,5820.0,5419.0,401.0,0.0,3538.0,"Mount Greylock School District, Massachusetts",08160,25
19500.0,13716.0,13716.0,13130.0,586.0,0.0,5784.0,"Northborough-Southborough School District, Massachusetts",08910,25
13627.0,8521.0,8492.0,8020.0,472.0,29.0,5106.0,"Old Rochester School District, Massachusetts",09150,25
8951.0,5363.0,5363.0,4870.0,493.0,0.0,3588.0,"Ralph C. Mahar School District, Massachusetts",09900,25
19264.0,13488.0,13471.0,12757.0,714.0,17.0,5776.0,"Silver Lake School District, Massachusetts",10830,25
4342509.0,3033430.0,3031347.0,2901020.0,130327.0,2083.0,1309079.0,"Remainder of Minnesota, Minnesota",99999,27
241.0,99.0,99.0,64.0,35.0,0.0,142.0,"Park Rapids Public School District in Pine Point (9-12), Minnesota",27001,27
580.0,365.0,365.0,338.0,27.0,0.0,215.0,"Clinton-Graceville-Beardsley-Wheaton-Sisseton/Wilmot (SD) in Browns Valley (9-12), Minnesota",27002,27
997.0,633.0,633.0,619.0,14.0,0.0,364.0,"Minneota-Ivanhoe Public School Districts in Ivanhoe (7-12), Minnesota",27003,27
822.0,626.0,626.0,613.0,13.0,0.0,196.0,"Marshall-Minneota-RTR Public Schools in Lynd (9-12), Minnesota",27004,27
483.0,346.0,346.0,339.0,7.0,0.0,137.0,"Marshall-Tracy Public Schools in Milroy (9-12), Minnesota",27005,27
1447.0,1005.0,1005.0,971.0,34.0,0.0,442.0,"Heron Lake-Okabena-Fulda-Worthington in Round Lake-Brewster (9-12), Minnesota",27006,27
334.0,192.0,192.0,139.0,53.0,0.0,142.0,"St. Louis-Northland in Nett Lake (7-12), Minnesota",27007,27
2850.0,1608.0,1608.0,1593.0,15.0,0.0,1242.0,"Sweet Grass County High School District, Montana",25560,30
3367.0,1812.0,1812.0,1657.0,155.0,0.0,1555.0,"Thompson Falls High School District, Montana",26100,30
2859.0,2036.0,2036.0,1976.0,60.0,0.0,823.0,"Three Forks High School District, Montana",26190,30
3021.0,1223.0,1223.0,1110.0,113.0,0.0,1798.0,"Troy High School District, Montana",26580,30
204.0,142.0,142.0,138.0,4.0,0.0,62.0,"Turner High School District, Montana",26670,30
875.0,459.0,459.0,452.0,7.0,0.0,416.0,"Valier High School District, Montana",27090,30
12235.0,7919.0,7919.0,7619.0,300.0,0.0,4316.0,"Whitefish High School District, Montana",27790,30
3448.0,1749.0,1744.0,1689.0,55.0,5.0,1699.0,"Whitehall High School District, Montana",27840,30
212.0,150.0,150.0,150.0,0.0,0.0,62.0,"Willow Creek High School District, Montana",28170,30
3505.0,1989.0,1989.0,1761.0,228.0,0.0,1516.0,"Wolf Point High School District, Montana",28620,30
2263.0,1007.0,1007.0,877.0,130.0,0.0,1256.0,"Rocky Boy High School District, Montana",28911,30
97221.0,56611.0,56568.0,53495.0,3073.0,43.0,40610.0,"Remainder of Montana, Montana",99999,30
3852.0,2293.0,2284.0,1755.0,529.0,9.0,1559.0,"Lame Deer High School District, Montana",00095,30
866.0,525.0,525.0,510.0,15.0,0.0,341.0,"North Star High School District, Montana",00097,30
1978.0,1209.0,1209.0,1187.0,22.0,0.0,769.0,"Chester-Joplin-Inverness High School District, Montana",00101,30
1383.0,800.0,800.0,779.0,21.0,0.0,583.0,"Shields Valley High School District, Montana",00933,30
1955.0,1082.0,1082.0,1054.0,28.0,0.0,873.0,"Absarokee High School District, Montana",01740,30
7774.0,3888.0,3888.0,3796.0,92.0,0.0,3886.0,"Anaconda High School District, Montana",02030,30
2289.0,1309.0,1309.0,1120.0,189.0,0.0,980.0,"Arlee High School District, Montana",02250,30
598.0,379.0,379.0,377.0,2.0,0.0,219.0,"Augusta High School District, Montana",02450,30
7662.0,4684.0,4684.0,4473.0,211.0,0.0,2978.0,"Beaverhead County High School District, Montana",03090,30
16208.0,12054.0,12037.0,11627.0,410.0,17.0,4154.0,"Belgrade High School District, Montana",03330,30
1376.0,793.0,787.0,772.0,15.0,6.0,583.0,"Belt High School District, Montana",03450,30
986.0,662.0,662.0,643.0,19.0,0.0,324.0,"Big Sandy High School District, Montana",03750,30
6996.0,3581.0,3581.0,3421.0,160.0,0.0,3415.0,"Bigfork High School District, Montana",03840,30
106527.0,72348.0,72122.0,69556.0,2566.0,226.0,34179.0,"Billings High School District, Montana",03900,30
356.0,183.0,183.0,149.0,34.0,0.0,173.0,"Box Elder High School District, Montana",04500,30
56116.0,40297.0,40232.0,38387.0,1845.0,65.0,15819.0,"Bozeman High School District, Montana",04590,30
7308.0,4462.0,4462.0,4333.0,129.0,0.0,2846.0,"Fergus High School District, Montana",10530,30
2076.0,1284.0,1284.0,1278.0,6.0,0.0,792.0,"Forsyth High School District, Montana",11190,30
1803.0,1005.0,1005.0,978.0,27.0,0.0,798.0,"Fort Benton High School District, Montana",11260,30
497.0,270.0,270.0,231.0,39.0,0.0,227.0,"Frazer High School District, Montana",11460,30
395.0,219.0,219.0,219.0,0.0,0.0,176.0,"Froid High School District, Montana",11580,30
1281.0,922.0,922.0,909.0,13.0,0.0,359.0,"Gardiner High School District, Montana",11850,30
889.0,576.0,576.0,576.0,0.0,0.0,313.0,"Garfield County High School District, Montana",11880,30
345.0,194.0,194.0,187.0,7.0,0.0,151.0,"Geyser High School District, Montana",12300,30
523.0,329.0,329.0,322.0,7.0,0.0,194.0,"Grass Range High School District, Montana",12990,30
58190.0,37206.0,34660.0,33026.0,1634.0,2546.0,20984.0,"Great Falls High School District, Montana",13050,30
6181.0,3878.0,3869.0,3399.0,470.0,9.0,2303.0,"Hardin High School District, Montana",13340,30
408.0,240.0,240.0,203.0,37.0,0.0,168.0,"Plenty Coups High School District, Montana",13360,30
1899.0,1231.0,1231.0,986.0,245.0,0.0,668.0,"Harlem High School District, Montana",13400,30
1431.0,919.0,919.0,885.0,34.0,0.0,512.0,"Harlowton High School District, Montana",13470,30
9756.0,6200.0,6196.0,5845.0,351.0,4.0,3556.0,"Havre High School District, Montana",13590,30
52067.0,34571.0,34448.0,33336.0,1112.0,123.0,17496.0,"Helena High School District, Montana",13830,30
427.0,308.0,308.0,305.0,3.0,0.0,119.0,"Hinsdale High School District, Montana",14370,30
6462.0,4066.0,4051.0,3774.0,277.0,15.0,2396.0,"Jefferson High School District, Montana",15120,30
1982.0,1194.0,1194.0,1139.0,55.0,0.0,788.0,"Joliet High School District, Montana",15260,30
234.0,132.0,132.0,132.0,0.0,0.0,102.0,"Judith Gap High School District, Montana",15390,30
47585.0,30305.0,30302.0,29211.0,1091.0,3.0,17280.0,"Flathead High School District, Montana",15420,30
177.0,115.0,115.0,114.0,1.0,0.0,62.0,"Lambert High School District, Montana",16020,30
8705.0,5791.0,5776.0,5576.0,200.0,15.0,2914.0,"Laurel High School District, Montana",16230,30
5303.0,2520.0,2520.0,2223.0,297.0,0.0,2783.0,"Lincoln County High School District, Montana",16770,30
1437.0,887.0,887.0,710.0,177.0,0.0,550.0,"Lodge Grass High School District, Montana",17040,30
3515.0,2266.0,2266.0,2190.0,76.0,0.0,1249.0,"Manhattan High School District, Montana",17640,30
221.0,121.0,121.0,119.0,2.0,0.0,100.0,"Melstone High School District, Montana",18270,30
87248.0,60893.0,60808.0,57072.0,3736.0,85.0,26355.0,"Missoula High School District, Montana",18540,30
10903.0,6812.0,6796.0,6583.0,213.0,16.0,4091.0,"Park High School District, Montana",20100,30
406.0,263.0,263.0,263.0,0.0,0.0,143.0,"Moore High School District, Montana",18900,30
1821.0,733.0,733.0,662.0,71.0,0.0,1088.0,"Noxon High School District, Montana",19500,30
1649.0,1105.0,1099.0,1080.0,19.0,6.0,544.0,"Park City High School District, Montana",20070,30
2756.0,1172.0,1172.0,1101.0,71.0,0.0,1584.0,"Plains High School District, Montana",20850,30
8955.0,5113.0,5110.0,4737.0,373.0,3.0,3842.0,"Polson High School District, Montana",21090,30
2556.0,1138.0,1138.0,976.0,162.0,0.0,1418.0,"Poplar High School District, Montana",21270,30
6172.0,2675.0,2675.0,2637.0,38.0,0.0,3497.0,"Powell County High School District, Montana",21450,30
553.0,331.0,323.0,319.0,4.0,8.0,222.0,"Power High School District, Montana",21540,30
284.0,208.0,208.0,202.0,6.0,0.0,76.0,"Rapelje High School District, Montana",21900,30
3352.0,2073.0,2073.0,2028.0,45.0,0.0,1279.0,"Red Lodge High School District, Montana",22110,30
398.0,185.0,185.0,175.0,10.0,0.0,213.0,"Reedpoint High School District, Montana",22260,30
429.0,246.0,246.0,244.0,2.0,0.0,183.0,"Richey High School District, Montana",22410,30
6486.0,3579.0,3579.0,3261.0,318.0,0.0,2907.0,"Ronan High School District, Montana",22800,30
3595.0,1826.0,1826.0,1718.0,108.0,0.0,1769.0,"Roundup High School District, Montana",23070,30
449.0,261.0,261.0,245.0,16.0,0.0,188.0,"Saco High School District, Montana",23400,30
539.0,319.0,319.0,310.0,9.0,0.0,220.0,"Savage High School District, Montana",23550,30
3237.0,1664.0,1664.0,1647.0,17.0,0.0,1573.0,"Shelby High School District, Montana",23910,30
3740.0,2682.0,2662.0,2548.0,114.0,20.0,1058.0,"Shepherd High School District, Montana",23970,30
1586.0,915.0,915.0,886.0,29.0,0.0,671.0,"Sheridan High School District, Montana",24180,30
7000.0,5005.0,5005.0,4903.0,102.0,0.0,1995.0,"Sidney High School District, Montana",24230,30
2355.0,1385.0,1381.0,1306.0,75.0,4.0,970.0,"Simms High School District, Montana",24330,30
8097.0,4593.0,4560.0,4221.0,339.0,33.0,3504.0,"Stevensville High School District, Montana",25050,30
1134.0,684.0,675.0,662.0,13.0,9.0,450.0,"Centerville High School District, Montana",25140,30
335.0,157.0,157.0,123.0,34.0,0.0,178.0,"Brockton High School District, Montana",05040,30
6565.0,3209.0,3209.0,2938.0,271.0,0.0,3356.0,"Browning High School District, Montana",05190,30
1419.0,989.0,989.0,966.0,23.0,0.0,430.0,"Powder River County High School District, Montana",04860,30
639.0,418.0,418.0,414.0,4.0,0.0,221.0,"Broadview High School District, Montana",04920,30
28225.0,17338.0,17326.0,16310.0,1016.0,12.0,10887.0,"Butte High School District, Montana",05310,30
1062.0,613.0,613.0,595.0,18.0,0.0,449.0,"Carter County High School District, Montana",05610,30
2189.0,1209.0,1196.0,1161.0,35.0,13.0,980.0,"Cascade High School District, Montana",05910,30
1302.0,786.0,786.0,744.0,42.0,0.0,516.0,"Charlo High School District, Montana",06115,30
1758.0,1056.0,1056.0,980.0,76.0,0.0,702.0,"Chinook High School District, Montana",06270,30
2242.0,1295.0,1295.0,1279.0,16.0,0.0,947.0,"Choteau High School District, Montana",06330,30
1327.0,808.0,808.0,798.0,10.0,0.0,519.0,"Circle High School District, Montana",06810,30
1836.0,1347.0,1347.0,1286.0,61.0,0.0,489.0,"Colstrip High School District, Montana",07080,30
12580.0,7578.0,7578.0,7127.0,451.0,0.0,5002.0,"Columbia Falls High School District, Montana",07140,30
3356.0,2107.0,2107.0,2004.0,103.0,0.0,1249.0,"Columbus High School District, Montana",07200,30
2865.0,1808.0,1808.0,1735.0,73.0,0.0,1057.0,"Conrad High School District, Montana",07320,30
652.0,465.0,465.0,461.0,4.0,0.0,187.0,"Culbertson High School District, Montana",07860,30
9681.0,6546.0,6531.0,6417.0,114.0,15.0,3135.0,"Custer County High School District, Montana",07930,30
3122.0,1711.0,1704.0,1601.0,103.0,7.0,1411.0,"Cut Bank High School District, Montana",08190,30
6986.0,4612.0,4612.0,4561.0,51.0,0.0,2374.0,"Dawson High School District, Montana",08340,30
387.0,247.0,247.0,243.0,4.0,0.0,140.0,"Denton High School District, Montana",08850,30
1129.0,581.0,581.0,551.0,30.0,0.0,548.0,"Drummond High School District, Montana",09210,30
1560.0,913.0,913.0,900.0,13.0,0.0,647.0,"Fairfield High School District, Montana",10170,30
1202.0,732.0,732.0,686.0,46.0,0.0,470.0,"Fairview High School District, Montana",10290,30
11002.0,8113.0,8085.0,7960.0,125.0,28.0,2889.0,"John Stark Regional School District, New Hampshire",00003,33
26561.0,17991.0,17982.0,17366.0,616.0,9.0,8570.0,"Exeter Regional Cooperative School District, New Hampshire",00017,33
8108.0,5429.0,5429.0,5113.0,316.0,0.0,2679.0,"Prospect Mountain High School Joint Maintenance Agreement District, New Hampshire",00049,33
10078.0,5272.0,5272.0,5170.0,102.0,0.0,4806.0,"Dresden School District, New Hampshire",02670,33
10293.0,7274.0,7274.0,6970.0,304.0,0.0,3019.0,"Hollis-Brookline Cooperative School District, New Hampshire",03850,33
3958.0,2454.0,2448.0,2346.0,102.0,6.0,1504.0,"Profile School District, New Hampshire",05830,33
10881.0,7728.0,7728.0,7472.0,256.0,0.0,3153.0,"Souhegan Cooperative School District, New Hampshire",06260,33
26532.0,18045.0,18012.0,17216.0,796.0,33.0,8487.0,"Winnacunnet Cooperative School District, New Hampshire",07230,33
16399.0,10053.0,10053.0,9615.0,438.0,0.0,6346.0,"Pemi-Baker Regional School District, New Hampshire",99965,33
978455.0,666420.0,664707.0,634196.0,30511.0,1713.0,312035.0,"Remainder of New Hampshire, New Hampshire",99999,33
31257.0,20566.0,20543.0,19440.0,1103.0,23.0,10691.0,"Hanover Park Regional School District, New Jersey",06660,34
8039.0,5586.0,5586.0,5186.0,400.0,0.0,2453.0,"Henry Hudson Regional School District, New Jersey",07050,34
17785.0,11684.0,11680.0,10916.0,764.0,4.0,6101.0,"High Point Regional School District, New Jersey",07140,34
42078.0,28663.0,28663.0,27292.0,1371.0,0.0,13415.0,"Hunterdon Central Regional School District, New Jersey",07590,34
20824.0,14682.0,14682.0,14009.0,673.0,0.0,6142.0,"Kingsway Regional School District, New Jersey",07980,34
11635.0,7753.0,7753.0,7281.0,472.0,0.0,3882.0,"Kittatinny Regional School District, New Jersey",08060,34
19671.0,13069.0,13069.0,12344.0,725.0,0.0,6602.0,"Lakeland Regional School District, New Jersey",08190,34
113890.0,77384.0,77079.0,72898.0,4181.0,305.0,36506.0,"Lenape Regional School District, New Jersey",08490,34
10366.0,6647.0,6618.0,6202.0,416.0,29.0,3719.0,"North Warren Regional School District, New Jersey",09550,34
12093.0,8608.0,8608.0,8174.0,434.0,0.0,3485.0,"Lenape Valley Regional School District, New Jersey",08500,34
22899.0,14001.0,13237.0,12197.0,1040.0,764.0,8898.0,"Lower Cape May Regional School District, New Jersey",09090,34
21075.0,14045.0,13954.0,13074.0,880.0,91.0,7030.0,"Mainland Regional School District, New Jersey",09360,34
26426.0,16889.0,16731.0,15971.0,760.0,158.0,9537.0,"Monmouth Regional School District, New Jersey",10440,34
44339.0,30658.0,30649.0,28979.0,1670.0,9.0,13681.0,"Morris Hills Regional School District, New Jersey",10740,34
41393.0,26561.0,26523.0,25336.0,1187.0,38.0,14832.0,"North Hunterdon-Voorhees Regional School District, New Jersey",11610,34
18745.0,11318.0,11279.0,10686.0,593.0,39.0,7427.0,"Northern Burlington Regional School District, New Jersey",11700,34
11334.0,7453.0,7453.0,6967.0,486.0,0.0,3881.0,"Northern Highlands Regional School District, New Jersey",11730,34
30784.0,19863.0,19863.0,18672.0,1191.0,0.0,10921.0,"Northern Valley Regional School District, New Jersey",11760,34
15727.0,10651.0,10638.0,10229.0,409.0,13.0,5076.0,"River Dell Regional School District, New Jersey",12260,34
27698.0,18118.0,18108.0,17324.0,784.0,10.0,9580.0,"Pascack Valley Regional School District, New Jersey",12510,34
31721.0,20934.0,20934.0,19667.0,1267.0,0.0,10787.0,"Passaic Valley Regional School District, New Jersey",12570,34
18333.0,12281.0,12236.0,11161.0,1075.0,45.0,6052.0,"Passaic County Manchester Regional School District, New Jersey",12600,34
22372.0,13183.0,13125.0,12223.0,902.0,58.0,9189.0,"Pinelands Regional School District, New Jersey",13000,34
32725.0,20827.0,20827.0,19793.0,1034.0,0.0,11898.0,"Ramapo-Indian Hill Regional School District, New Jersey",13560,34
34180.0,23584.0,23083.0,21320.0,1763.0,501.0,10596.0,"Rancocas Valley Regional School District, New Jersey",13620,34
17651.0,12268.0,12268.0,11589.0,679.0,0.0,5383.0,"Red Bank Regional School District, New Jersey",13750,34
9091.0,5836.0,5836.0,5572.0,264.0,0.0,3255.0,"Rumson-Fair Haven Regional School District, New Jersey",14400,34
15159.0,9325.0,9306.0,8826.0,480.0,19.0,5834.0,"Shore Regional School District, New Jersey",14940,34
19398.0,13718.0,13718.0,12682.0,1036.0,0.0,5680.0,"Warren Hills Regional School District, New Jersey",16970,34
16754.0,11466.0,11445.0,10510.0,935.0,21.0,5288.0,"Delsea Regional High School School District, New Jersey",15450,34
29362.0,17018.0,16973.0,15812.0,1161.0,45.0,12344.0,"Southern Regional School District, New Jersey",15480,34
14990.0,10548.0,10540.0,9814.0,726.0,8.0,4442.0,"Wallkill Valley Regional School District, New Jersey",16870,34
24906.0,15717.0,15717.0,15016.0,701.0,0.0,9189.0,"Watchung Hills Regional School District, New Jersey",17220,34
17906.0,11744.0,11744.0,11185.0,559.0,0.0,6162.0,"West Essex Regional School District, New Jersey",17460,34
30513.0,19626.0,19611.0,18805.0,806.0,15.0,10887.0,"West Morris Regional School District, New Jersey",17550,34
5862817.0,3849937.0,3844408.0,3568993.0,275415.0,5529.0,2012880.0,"Remainder of New Jersey, New Jersey",99999,34
14102.0,10166.0,10166.0,9226.0,940.0,0.0,3936.0,"Sterling High School School District, New Jersey",02880,34
13537.0,9523.0,9523.0,9136.0,387.0,0.0,4014.0,"Delaware Valley Regional School District, New Jersey",03750,34
68378.0,47412.0,47385.0,44239.0,3146.0,27.0,20966.0,"Black Horse Pike Regional School District, New Jersey",01770,34
13306.0,8883.0,8873.0,8419.0,454.0,10.0,4423.0,"Carlstadt-East Rutherford School District, New Jersey",02800,34
22076.0,15813.0,15813.0,14941.0,872.0,0.0,6263.0,"Clearview Regional School District, New Jersey",03210,34
20098.0,10806.0,10791.0,10046.0,745.0,15.0,9292.0,"Cumberland Regional School District, New Jersey",03620,34
43576.0,20327.0,20312.0,18771.0,1541.0,15.0,23249.0,"Central Regional School District, New Jersey",02910,34
32017.0,19599.0,19573.0,18217.0,1356.0,26.0,12418.0,"Eastern Camden County Regional School District, New Jersey",04380,34
153747.0,101642.0,101570.0,96275.0,5295.0,72.0,52105.0,"Freehold Regional School District, New Jersey",05610,34
9887.0,6629.0,6629.0,6132.0,497.0,0.0,3258.0,"Gateway Regional School District, New Jersey",05820,34
60555.0,41231.0,41069.0,36477.0,4592.0,162.0,19324.0,"Greater Egg Harbor Regional School District, New Jersey",06060,34
56024.0,37920.0,37901.0,35965.0,1936.0,19.0,18104.0,"Bellmore-Merrick Central High School District, New York",19020,36
104146.0,68671.0,68652.0,64542.0,4110.0,19.0,35475.0,"Sewanhaka Central High School District, New York",26520,36
50470.0,34136.0,34136.0,31945.0,2191.0,0.0,16334.0,"Valley Stream Central High School District, New York",29520,36
15870341.0,10035475.0,10012310.0,9335179.0,677131.0,23165.0,5834866.0,"Remainder of New York, New York",99999,36
710.0,371.0,371.0,345.0,26.0,0.0,339.0,"Secondary Coverage Area in White Oak Public Schools (9-12), Oklahoma",40001,40
3042551.0,1868672.0,1851423.0,1746074.0,105349.0,17249.0,1173879.0,"Remainder of Oklahoma, Oklahoma",99999,40
1151.0,637.0,637.0,612.0,25.0,0.0,514.0,"Harney County Union High School District 1J, Oregon",03630,41
3258924.0,2026110.0,2023485.0,1885371.0,138114.0,2625.0,1232814.0,"Remainder of Oregon, Oregon",99999,41
859079.0,559547.0,556244.0,518023.0,38221.0,3303.0,299532.0,"Remainder of Rhode Island, Rhode Island",99999,44
12250.0,8473.0,8461.0,8048.0,413.0,12.0,3777.0,"Foster-Glocester Regional School District, Rhode Island",00420,44
708.0,644.0,65.0,63.0,2.0,579.0,64.0,"Beaufort County School District within Beaufort Marine Corps Air Station, South Carolina",45013,45
15067.0,14169.0,6058.0,5915.0,143.0,8111.0,898.0,"Richland County School District 2 within Fort Jackson, South Carolina",45079,45
3910691.0,2367087.0,2345180.0,2175068.0,170112.0,21907.0,1543604.0,"Remainder of South Carolina, South Carolina",99999,45
8186.0,4449.0,4449.0,4219.0,230.0,0.0,3737.0,"Anderson County School District in Clinton, Tennessee",47001,47
5238.0,2571.0,2571.0,2145.0,426.0,0.0,2667.0,"Cocke County School District in Newport, Tennessee",47029,47
8177.0,4854.0,4854.0,4732.0,122.0,0.0,3323.0,"Coffee County School District in Manchester, Tennessee",47031,47
3123.0,1726.0,1726.0,1580.0,146.0,0.0,1397.0,"Crockett County School District in Alamo, Tennessee",47033,47
2965.0,1807.0,1807.0,1740.0,67.0,0.0,1158.0,"Crockett County School District in Bells, Tennessee",47034,47
3492.0,1510.0,1510.0,1431.0,79.0,0.0,1982.0,"Hawkins County School District in Rogersville, Tennessee",47073,47
5890.0,3428.0,3428.0,2999.0,429.0,0.0,2462.0,"Henderson County School District in Lexington, Tennessee",47077,47
9375.0,4877.0,4862.0,4561.0,301.0,15.0,4498.0,"Henry County School District in Paris, Tennessee",47079,47
10748.0,5817.0,5817.0,5146.0,671.0,0.0,4931.0,"McMinn County School District in Athens, Tennessee",47107,47
2721.0,1359.0,1359.0,1242.0,117.0,0.0,1362.0,"McMinn County School District in Etowah, Tennessee",47108,47
9500.0,4842.0,4842.0,4364.0,478.0,0.0,4658.0,"Monroe County School District in Sweetwater, Tennessee",47123,47
5782.0,3104.0,3104.0,2842.0,262.0,0.0,2678.0,"Rhea County School District in Dayton, Tennessee",47143,47
100518.0,71430.0,71172.0,67087.0,4085.0,258.0,29088.0,"Rutherford County School District in Murfreesboro, Tennessee",47149,47
31590.0,22164.0,22151.0,21385.0,766.0,13.0,9426.0,"Williamson County School District in Franklin, Tennessee",47187,47
25302.0,15500.0,15500.0,14428.0,1072.0,0.0,9802.0,"Wilson County School District in Lebanon, Tennessee",47189,47
5030134.0,3070765.0,3052913.0,2851607.0,201306.0,17852.0,1959369.0,"Remainder of Tennessee, Tennessee",99999,47
7516.0,5346.0,5301.0,5102.0,199.0,45.0,2170.0,"Arlington Community Schools in Lakeland (6-12), Tennessee",47002,47
690.0,428.0,428.0,396.0,32.0,0.0,262.0,"Hallettsville Independent School District (9-12) in Vysehrad, Texas",48285,48
20994505.0,13562825.0,13471744.0,12686993.0,784751.0,91081.0,7431680.0,"Remainder of Texas, Texas",99999,48
1294.0,892.0,892.0,821.0,71.0,0.0,402.0,"Elgin/Giddings Independent School Districts (9-12) in McDade, Texas",48021,48
637.0,400.0,400.0,397.0,3.0,0.0,237.0,"Mount Pleasant Independent School District (9-12) in Winfield, Texas",48449,48
882.0,493.0,493.0,462.0,31.0,0.0,389.0,"Stephenville Independent School District (9-12) in Bluff Dale, Texas",48143,48
503392.0,330024.0,329652.0,315151.0,14501.0,372.0,173368.0,"Remainder of Vermont, Vermont",99999,50
16639.0,12621.0,12581.0,12113.0,468.0,40.0,4018.0,"Essex Community Education Center, Vermont",00006,50
20934.0,13299.0,13294.0,13030.0,264.0,5.0,7635.0,"Nicolet Union High School District, Wisconsin",05490,55
26261.0,18552.0,18552.0,17922.0,630.0,0.0,7709.0,"Hartford Union High School District, Wisconsin",06120,55
26934.0,18419.0,18413.0,17890.0,523.0,6.0,8515.0,"Arrowhead Union High School District, Wisconsin",06180,55
19364.0,13502.0,13502.0,12531.0,971.0,0.0,5862.0,"Lake Geneva-Genoa City Union High School District, Wisconsin",07650,55
15101.0,8047.0,8047.0,7397.0,650.0,0.0,7054.0,"Lakeland Union High School District, Wisconsin",09630,55
16418.0,11344.0,11325.0,10756.0,569.0,19.0,5074.0,"Westosha Central High School District, Wisconsin",13290,55
10796.0,6984.0,6981.0,6635.0,346.0,3.0,3812.0,"Union Grove Union High School District, Wisconsin",15150,55
7862.0,5172.0,5172.0,4879.0,293.0,0.0,2690.0,"Big Foot Union High School District, Wisconsin",15480,55
14780.0,10303.0,10300.0,9900.0,400.0,3.0,4477.0,"Waterford Union High School District, Wisconsin",15600,55
15177.0,11066.0,11060.0,10257.0,803.0,6.0,4111.0,"Wilmot Union High School District, Wisconsin",16770,55
4444647.0,2971031.0,2968505.0,2828683.0,139822.0,2526.0,1473616.0,"Remainder of Wisconsin, Wisconsin",99999,55
