B25003_001E,B25003_002E,B25003_003E,name,american indian area/alaska native area/hawaiian home land
0.0,0.0,0.0,"Augustine Reservation, CA",0125
225.0,198.0,27.0,"Barona Reservation, CA",0155
27.0,20.0,7.0,"Benton Paiute Reservation and Off-Reservation Trust Land, CA",0185
0.0,0.0,0.0,"Auburn Rancheria and Off-Reservation Trust Land, CA",0120
97.0,0.0,97.0,"Aroostook Band of Micmac Trust Land, ME",0115
104.0,65.0,39.0,"Battle Mountain Reservation and Off-Reservation Trust Land, NV",0165
235.0,162.0,73.0,"Big Cypress Reservation, FL",0225
617.0,363.0,254.0,"Bishop Reservation, CA",0290
53.0,35.0,18.0,"Big Valley Rancheria, CA",0275
71.0,26.0,45.0,"Berry Creek Rancheria and Off-Reservation Trust Land, CA",0200
38.0,24.0,14.0,"Big Sandy Rancheria and Off-Reservation Trust Land, CA",0265
0.0,0.0,0.0,"Capitan Grande Reservation, CA",0495
191.0,153.0,38.0,"Big Pine Reservation, CA",0250
537.0,332.0,205.0,"Bad River Reservation, WI",0140
2.0,0.0,2.0,"Big Lagoon Rancheria, CA",0240
485.0,336.0,149.0,"Annette Island Reserve, AK",0110
406.0,260.0,146.0,"Bay Mills Reservation and Off-Reservation Trust Land, MI",0170
32.0,24.0,8.0,"Bridgeport Reservation, CA",0350
0.0,0.0,0.0,"Big Bend Rancheria, CA",0215
189.0,157.0,32.0,"Brighton Reservation, FL",0360
3086.0,1803.0,1283.0,"Blackfeet Indian Reservation and Off-Reservation Trust Land, MT",0305
36.0,10.0,26.0,"Blue Lake Rancheria and Off-Reservation Trust Land, CA",0325
365.0,211.0,154.0,"Bois Forte Reservation and Off-Reservation Trust Land, MN",0335
59.0,36.0,23.0,"Burns Paiute Indian Colony and Off-Reservation Trust Land, OR",0400
116.0,54.0,62.0,"Campo Indian Reservation, CA",0450
34.0,27.0,7.0,"Cahuilla Reservation, CA",0435
2467.0,1334.0,1133.0,"Allegany Reservation, NY",0080
80.0,62.0,18.0,"Carson Colony, NV",0510
148.0,101.0,47.0,"Campbell Ranch, NV",0440
206.0,97.0,109.0,"Cabazon Reservation, CA",0415
13777.0,9442.0,4335.0,"Agua Caliente Indian Reservation and Off-Reservation Trust Land, CA",0020
204.0,171.0,33.0,"Alabama-Coushatta Reservation and Off-Reservation Trust Land, TX",0050
0.0,0.0,0.0,"Alturas Indian Rancheria, CA",0095
742.0,661.0,81.0,"Acoma Pueblo and Off-Reservation Trust Land, NM",0010
416.0,155.0,261.0,"Catawba Reservation, SC",0525
6.0,3.0,3.0,"Cedarville Rancheria and Off-Reservation Trust Land, CA",0555
13.0,6.0,7.0,"Celilo Village Trust Land, OR",0560
904.0,693.0,211.0,"Cattaraugus Reservation, NY",0540
326.0,131.0,195.0,"Chehalis Reservation and Off-Reservation Trust Land, WA",0575
233.0,178.0,55.0,"Chitimacha Reservation, LA",0635
2403.0,1365.0,1038.0,"Cheyenne River Reservation and Off-Reservation Trust Land, SD",0605
536.0,324.0,212.0,"Cocopah Reservation, AZ",0695
46.0,15.0,31.0,"Cold Springs Rancheria, CA",0720
18.0,2.0,16.0,"Colusa Rancheria, CA",0750
209.0,47.0,162.0,"Coquille Reservation, OR",0775
124.0,55.0,69.0,"Chemehuevi Reservation, CA",0585
0.0,0.0,0.0,"Chicken Ranch Rancheria and Off-Reservation Trust Land, CA",0620
630.0,545.0,85.0,"Pueblo de Cochiti, NM",0680
0.0,0.0,0.0,"Coconut Creek Trust Land, FL",0690
3351.0,2214.0,1137.0,"Colorado River Indian Reservation, AZ--CA",0735
8.0,7.0,1.0,"Cortina Indian Rancheria, CA",0780
28.0,5.0,23.0,"Coushatta Reservation and Off-Reservation Trust Land, LA",0795
32.0,1.0,31.0,"Coos, Lower Umpqua, and Siuslaw Reservation and Off-Reservation Trust Land, OR",0770
2924.0,1878.0,1046.0,"Colville Reservation and Off-Reservation Trust Land, WA",0760
2878.0,2194.0,684.0,"Coeur d'Alene Reservation, ID",0705
535.0,208.0,327.0,"Crow Creek Reservation, SD",0855
1739.0,1225.0,514.0,"Crow Reservation and Off-Reservation Trust Land, MT",0845
48.0,5.0,43.0,"Coyote Valley Reservation, CA",0825
130.0,56.0,74.0,"Duckwater Reservation, NV",0975
499.0,263.0,236.0,"Duck Valley Reservation, NV--ID",0965
3241.0,2361.0,880.0,"Eastern Cherokee Reservation, NC",0990
148.0,118.0,30.0,"Dresslerville Colony, NV",0940
1526.0,1073.0,453.0,"Fond du Lac Reservation and Off-Reservation Trust Land, MN--WI",1125
11550.0,8132.0,3418.0,"Flathead Reservation, MT",1110
1894.0,1480.0,414.0,"Fort Hall Reservation and Off-Reservation Trust Land, ID",1185
280.0,147.0,133.0,"Forest County Potawatomi Community and Off-Reservation Trust Land, WI",1135
871.0,409.0,462.0,"Fort Belknap Reservation and Off-Reservation Trust Land, MT",1150
44.0,32.0,12.0,"Fort Independence Reservation, CA",1195
190.0,79.0,111.0,"Flandreau Reservation, SD",1100
2120.0,1221.0,899.0,"Fort Berthold Reservation, ND",1160
83.0,49.0,34.0,"Ely Reservation, NV",1040
362.0,261.0,101.0,"Elko Colony, NV",1005
308.0,210.0,98.0,"Fallon Paiute-Shoshone Reservation and Off-Reservation Trust Land, NV",1075
0.0,0.0,0.0,"Enterprise Rancheria, CA",1055
45.0,29.0,16.0,"Fort Pierce Reservation, FL",1260
629.0,398.0,231.0,"Fort Mojave Reservation and Off-Reservation Trust Land, AZ--CA--NV",1235
89.0,15.0,74.0,"Grindstone Indian Rancheria, CA",1395
44.0,2.0,42.0,"Cow Creek Reservation and Off-Reservation Trust Land, OR",0815
0.0,0.0,0.0,"Cowlitz Reservation, WA",0820
0.0,0.0,0.0,"Dry Creek Rancheria and Off-Reservation Trust Land, CA",0955
47.0,15.0,32.0,"Fort Bidwell Reservation and Off-Reservation Trust Land, CA",1170
3543.0,2136.0,1407.0,"Fort Apache Reservation, AZ",1140
38.0,22.0,16.0,"Fallon Paiute-Shoshone Colony and Off-Reservation Trust Land, NV",1070
52.0,36.0,16.0,"Elk Valley Rancheria and Off-Reservation Trust Land, CA",1010
0.0,0.0,0.0,"Ewiiaapaayp Reservation, CA",1065
139.0,123.0,16.0,"Fort McDermitt Indian Reservation, NV--OR",1210
310.0,236.0,74.0,"Fort McDowell Yavapai Nation Reservation, AZ",1220
2990.0,1631.0,1359.0,"Fort Peck Indian Reservation and Off-Reservation Trust Land, MT",1250
405.0,185.0,220.0,"Fort Yuma Indian Reservation, CA--AZ",1280
0.0,0.0,0.0,"Fort Sill Apache Indian Reservation, NM",1270
3363.0,1327.0,2036.0,"Gila River Indian Reservation, AZ",1310
207.0,45.0,162.0,"Grand Ronde Community, OR",1365
341.0,163.0,178.0,"Grand Portage Reservation and Off-Reservation Trust Land, MN",1355
22.0,14.0,8.0,"Greenville Rancheria, CA",1380
43.0,23.0,20.0,"Goshute Reservation, NV--UT",1340
231.0,97.0,134.0,"Grand Traverse Reservation and Off-Reservation Trust Land, MI",1370
2.0,2.0,0.0,"Havasupai Reservation, AZ",1440
374.0,272.0,102.0,"Hollywood Reservation, FL",1475
1050.0,698.0,352.0,"Hoopa Valley Reservation, CA",1490
15.0,3.0,12.0,"Guidiville Rancheria and Off-Reservation Trust Land, CA",1400
2242.0,1634.0,608.0,"Hopi Reservation and Off-Reservation Trust Land, AZ",1505
77.0,51.0,26.0,"Hopland Rancheria, CA",1515
179.0,30.0,149.0,"Hannahville Indian Community and Off-Reservation Trust Land, MI",1410
528.0,233.0,295.0,"Ho-Chunk Nation Reservation and Off-Reservation Trust Land, WI--MN",1450
35.0,26.0,9.0,"Hoh Indian Reservation and Off-Reservation Trust Land, WA",1460
388.0,192.0,196.0,"Hualapai Indian Reservation and Off-Reservation Trust Land, AZ",1545
66.0,45.0,21.0,"Iowa (KS-NE) Reservation and Off-Reservation Trust Land, KS--NE",1590
23.0,5.0,18.0,"Huron Potawatomi Reservation and Off-Reservation Trust Land, MI",1550
116.0,8.0,108.0,"Houlton Maliseet Reservation and Off-Reservation Trust Land, ME",1530
75.0,43.0,32.0,"Immokalee Reservation, FL",1555
306.0,135.0,171.0,"Indian Township Reservation, ME",1575
0.0,0.0,0.0,"Inaja and Cosmit Reservation, CA",1560
9.0,0.0,9.0,"Jamestown S'Klallam Reservation and Off-Reservation Trust Land, WA",1655
459.0,442.0,17.0,"Jemez Pueblo, NM",1685
0.0,0.0,0.0,"Jamul Indian Village, CA",1670
0.0,0.0,0.0,"Jackson Rancheria, CA",1640
1320.0,1170.0,150.0,"Isleta Pueblo, NM",1625
92.0,35.0,57.0,"Kickapoo (TX) Reservation, TX",1775
22.0,2.0,20.0,"Klamath Reservation, OR",1785
1719.0,1205.0,514.0,"Kickapoo (KS) Reservation, KS",1770
194.0,21.0,173.0,"Karuk Reservation and Off-Reservation Trust Land, CA",1750
13.0,13.0,0.0,"La Posta Indian Reservation, CA",1895
10672.0,7753.0,2919.0,"Isabella Reservation, MI",1610
0.0,0.0,0.0,"Jena Band of Choctaw Reservation, LA",1690
109.0,35.0,74.0,"Kaibab Indian Reservation, AZ",1720
81.0,63.0,18.0,"Kalispel Reservation and Off-Reservation Trust Land, WA",1735
783.0,511.0,272.0,"Jicarilla Apache Nation Reservation and Off-Reservation Trust Land, NM",1700
31.0,17.0,14.0,"Kootenai Reservation and Off-Reservation Trust Land, ID",1800
3960.0,2497.0,1463.0,"Lake Traverse Reservation and Off-Reservation Trust Land, SD--ND",1860
156.0,123.0,33.0,"La Jolla Reservation, CA",1850
1215.0,607.0,608.0,"Lac Courte Oreilles Reservation and Off-Reservation Trust Land, WI",1815
1682.0,1059.0,623.0,"Lac du Flambeau Reservation, WI",1825
54.0,3.0,51.0,"Lac Vieux Desert Reservation, MI",1830
1138.0,977.0,161.0,"Laguna Pueblo and Off-Reservation Trust Land, NM",1840
1275.0,951.0,324.0,"L'Anse Reservation and Off-Reservation Trust Land, MI",1880
74.0,22.0,52.0,"Laytonville Rancheria, CA",1925
76.0,53.0,23.0,"Lone Pine Reservation, CA",1970
4488.0,3317.0,1171.0,"Leech Lake Reservation and Off-Reservation Trust Land, MN",1940
42.0,34.0,8.0,"Los Coyotes Reservation, CA",1995
0.0,0.0,0.0,"Likely Rancheria, CA",1955
4.0,4.0,0.0,"Lookout Rancheria, CA",1980
0.0,0.0,0.0,"Lytton Rancheria, CA",2075
27.0,21.0,6.0,"Las Vegas Indian Colony, NV",1915
20.0,6.0,14.0,"Little Traverse Bay Reservation and Off-Reservation Trust Land, MI",1963
42.0,2.0,40.0,"Little River Reservation and Off-Reservation Trust Land, MI",1960
25.0,23.0,2.0,"Lovelock Indian Colony, NV",2015
160.0,141.0,19.0,"Lower Sioux Indian Community, MN",2055
492.0,335.0,157.0,"Makah Indian Reservation, WA",2085
1842.0,1202.0,640.0,"Lummi Reservation, WA",2070
402.0,160.0,242.0,"Lower Brule Reservation and Off-Reservation Trust Land, SD",2030
235.0,150.0,85.0,"Lower Elwha Reservation and Off-Reservation Trust Land, WA",2040
0.0,0.0,0.0,"Match-e-be-nash-she-wish Band of Pottawatomi Reservation, MI",2150
63.0,54.0,9.0,"Mashantucket Pequot Reservation, CT",2145
967.0,535.0,432.0,"Menominee Reservation, WI",2175
18.0,13.0,5.0,"Manzanita Reservation and Off-Reservation Trust Land, CA",2115
128.0,66.0,62.0,"Manchester-Point Arena Rancheria, CA",2100
384.0,44.0,340.0,"Maricopa (Ak Chin) Indian Reservation and Off-Reservation Trust Land, AZ",2130
35.0,0.0,35.0,"Mesa Grande Reservation, CA",2190
59.0,31.0,28.0,"Mooretown Rancheria and Off-Reservation Trust Land, CA",2340
2146.0,1596.0,550.0,"Mississippi Choctaw Reservation, MS",2300
80.0,45.0,35.0,"Moapa River Indian Reservation, NV",2315
273.0,228.0,45.0,"Morongo Reservation and Off-Reservation Trust Land, CA",2360
124.0,0.0,124.0,"Mohegan Reservation and Off-Reservation Trust Land, CT",2320
1426.0,927.0,499.0,"Muckleshoot Reservation and Off-Reservation Trust Land, WA",2375
0.0,0.0,0.0,"Montgomery Creek Rancheria, CA",2330
957.0,563.0,394.0,"Mescalero Reservation, NM",2205
3.0,0.0,3.0,"Middletown Rancheria, CA",2255
1852.0,1181.0,671.0,"Mille Lacs Reservation and Off-Reservation Trust Land, MN",2270
0.0,0.0,0.0,"Minnesota Chippewa Trust Land, MN",2285
9433.0,7224.0,2209.0,"Oneida (WI) Reservation and Off-Reservation Trust Land, WI",2560
0.0,0.0,0.0,"Ontonagon Reservation, MI",2580
1515.0,990.0,525.0,"Omaha Reservation, NE--IA",2550
18314.0,14119.0,4195.0,"Osage Reservation, OK",2595
1.0,1.0,0.0,"Oil Springs Reservation, NY",2535
0.0,0.0,0.0,"Narragansett Reservation, RI",2415
45972.0,34807.0,11165.0,"Navajo Nation Reservation and Off-Reservation Trust Land, AZ--NM--UT",2430
666.0,543.0,123.0,"Nambe Pueblo and Off-Reservation Trust Land, NM",2400
308.0,165.0,143.0,"Nooksack Reservation and Off-Reservation Trust Land, WA",2475
226.0,165.0,61.0,"Nisqually Reservation, WA",2460
7380.0,5374.0,2006.0,"Nez Perce Reservation, ID",2445
304.0,212.0,92.0,"Pala Reservation, CA",2635
0.0,0.0,0.0,"Passamaquoddy Trust Land, ME",2695
113.0,47.0,66.0,"Paiute (UT) Reservation, UT",2625
796.0,624.0,172.0,"Picuris Pueblo, NM",2785
335.0,242.0,93.0,"Penobscot Reservation and Off-Reservation Trust Land, ME",2760
101.0,83.0,18.0,"Pechanga Reservation, CA",2745
58.0,52.0,6.0,"Pauma and Yuima Reservation, CA",2715
0.0,0.0,0.0,"Pit River Trust Land, CA",2835
133.0,1.0,132.0,"Poarch Creek Reservation and Off-Reservation Trust Land, AL--FL",2865
59.0,40.0,19.0,"Pinoleville Rancheria, CA",2820
286.0,171.0,115.0,"Pleasant Point Reservation, ME",2850
75.0,72.0,3.0,"Prairie Island Indian Community and Off-Reservation Trust Land, MN",2985
3172.0,2440.0,732.0,"Port Madison Reservation, WA",2925
176.0,119.0,57.0,"Port Gamble Reservation and Off-Reservation Trust Land, WA",2910
4.0,0.0,4.0,"Miccosukee Reservation and Off-Reservation Trust Land, FL",2240
0.0,0.0,0.0,"Oneida Nation Reservation, NY",2555
55.0,55.0,0.0,"Onondaga Nation Reservation, NY",2570
1862.0,1515.0,347.0,"Ohkay Owingeh, NM",2510
0.0,0.0,0.0,"Northwestern Shoshone Reservation, UT",2505
1182.0,628.0,554.0,"Northern Cheyenne Indian Reservation and Off-Reservation Trust Land, MT--SD",2490
37.0,20.0,17.0,"North Fork Rancheria and Off-Reservation Trust Land, CA",2495
0.0,0.0,0.0,"Paskenta Rancheria, CA",2685
916.0,440.0,476.0,"Pascua Pueblo Yaqui Reservation and Off-Reservation Trust Land, AZ",2680
30.0,28.0,2.0,"Picayune Rancheria and Off-Reservation Trust Land, CA",2775
4350.0,2341.0,2009.0,"Pine Ridge Reservation, SD--NE",2810
54.0,20.0,34.0,"Pokagon Reservation and Off-Reservation Trust Land, MI",2890
2.0,0.0,2.0,"Ponca (NE) Trust Land, NE--IA",2900
611.0,375.0,236.0,"Prairie Band of Potawatomi Nation Reservation, KS",2980
1426.0,1017.0,409.0,"Pueblo of Pojoaque and Off-Reservation Trust Land, NM",2990
8.0,6.0,2.0,"Redding Rancheria, CA",3095
17949.0,11376.0,6573.0,"Puyallup Reservation and Off-Reservation Trust Land, WA",3000
130.0,66.0,64.0,"Quileute Reservation, WA",3030
447.0,236.0,211.0,"Red Cliff Reservation and Off-Reservation Trust Land, WI",3085
380.0,246.0,134.0,"Quinault Reservation, WA",3040
0.0,0.0,0.0,"Ramona Village, CA",3070
4.0,3.0,1.0,"Resighini Rancheria, CA",3145
4.0,2.0,2.0,"Roaring Creek Rancheria, CA",3185
1507.0,725.0,782.0,"Red Lake Reservation, MN",3100
96.0,72.0,24.0,"Robinson Rancheria and Off-Reservation Trust Land, CA",3195
1780.0,1322.0,458.0,"Sandia Pueblo, NM",3370
2332.0,1327.0,1005.0,"San Carlos Reservation, AZ",3355
2439.0,1921.0,518.0,"Salt River Reservation, AZ",3340
63.0,37.0,26.0,"Sac and Fox Nation Reservation and Off-Reservation Trust Land, NE--KS",3285
574.0,408.0,166.0,"Pyramid Lake Paiute Reservation, NV",3010
54.0,30.0,24.0,"Quartz Valley Reservation and Off-Reservation Trust Land, CA",3020
121.0,88.0,33.0,"Redwood Valley Rancheria, CA",3115
284.0,178.0,106.0,"Reno-Sparks Indian Colony, NV",3130
259.0,143.0,116.0,"Rincon Reservation and Off-Reservation Trust Land, CA",3165
248.0,45.0,203.0,"Saint Croix Reservation and Off-Reservation Trust Land, WI",3305
1180.0,910.0,270.0,"Saint Regis Mohawk Reservation, NY",3320
3148.0,1317.0,1831.0,"Rosebud Indian Reservation and Off-Reservation Trust Land, SD",3235
1.0,0.0,1.0,"Rumsey Indian Rancheria, CA",3265
939.0,378.0,561.0,"Rocky Boy's Reservation and Off-Reservation Trust Land, MT",3205
130.0,96.0,34.0,"Round Valley Reservation and Off-Reservation Trust Land, CA",3250
9.0,9.0,0.0,"Rohnerville Rancheria, CA",3220
852.0,782.0,70.0,"San Felipe Pueblo, NM",3400
181.0,170.0,11.0,"Santa Ana Pueblo, NM",3480
245.0,152.0,93.0,"San Pasqual Reservation, CA",3460
81.0,63.0,18.0,"Santa Ynez Reservation, CA",3540
359.0,198.0,161.0,"Santee Reservation, NE",3565
114.0,99.0,15.0,"Santa Ysabel Reservation, CA",3550
24.0,9.0,15.0,"Santa Rosa Reservation, CA",3525
191.0,56.0,135.0,"Santa Rosa Rancheria, CA",3520
601.0,496.0,105.0,"Santo Domingo Pueblo, NM",3585
282.0,204.0,78.0,"Shakopee Mdewakanton Sioux Community and Off-Reservation Trust Land, MN",3680
21.0,12.0,9.0,"Sauk-Suiattle Reservation, WA",3625
209.0,97.0,112.0,"Siletz Reservation and Off-Reservation Trust Land, OR",3795
218.0,152.0,66.0,"Skokomish Reservation, WA",3825
53.0,33.0,20.0,"Smith River Reservation and Off-Reservation Trust Land, CA",3855
311.0,36.0,275.0,"Sac and Fox/Meskwaki Settlement and Off-Reservation Trust Land, IA",3280
714.0,577.0,137.0,"San Ildefonso Pueblo and Off-Reservation Trust Land, NM",3415
24.0,24.0,0.0,"San Manuel Reservation and Off-Reservation Trust Land, CA",3445
4255.0,2827.0,1428.0,"Santa Clara Pueblo and Off-Reservation Trust Land, NM",3495
695.0,142.0,553.0,"Sault Sainte Marie Reservation and Off-Reservation Trust Land, MI",3635
0.0,0.0,0.0,"Seminole (FL) Trust Land, FL",3665
39.0,26.0,13.0,"Shoalwater Bay Indian Reservation and Off-Reservation Trust Land, WA",3780
43.0,27.0,16.0,"Sherwood Valley Rancheria and Off-Reservation Trust Land, CA",3735
35.0,25.0,10.0,"Shingle Springs Rancheria and Off-Reservation Trust Land, CA",3750
232.0,57.0,175.0,"Sokaogon Chippewa Community, WI",3885
0.0,0.0,0.0,"Snoqualmie Reservation, WA",3860
387.0,294.0,93.0,"Soboba Reservation and Off-Reservation Trust Land, CA",3870
9.0,2.0,7.0,"Skull Valley Reservation, UT",3840
145.0,57.0,88.0,"Squaxin Island Reservation and Off-Reservation Trust Land, WA",3955
10.0,0.0,10.0,"Stewarts Point Rancheria, CA",3985
1192.0,579.0,613.0,"Spirit Lake Reservation, ND",3935
39.0,24.0,15.0,"Stewart Community, NV",3980
5110.0,3898.0,1212.0,"Southern Ute Reservation, CO",3925
2362.0,1160.0,1202.0,"Standing Rock Reservation, SD--ND",3970
42.0,30.0,12.0,"South Fork Reservation and Off-Reservation Trust Land, NV",3930
290.0,186.0,104.0,"Stockbridge Munsee Community and Off-Reservation Trust Land, WI",4015
784.0,529.0,255.0,"Spokane Reservation and Off-Reservation Trust Land, WA",3940
10.0,10.0,0.0,"Stillaguamish Reservation and Off-Reservation Trust Land, WA",4000
239.0,75.0,164.0,"Susanville Indian Rancheria and Off-Reservation Trust Land, CA",4060
41.0,30.0,11.0,"Table Bluff Reservation, CA",4095
0.0,0.0,0.0,"Summit Lake Reservation and Off-Reservation Trust Land, NV",4045
1282.0,1020.0,262.0,"Swinomish Reservation and Off-Reservation Trust Land, WA",4075
63.0,39.0,24.0,"Sycuan Reservation and Off-Reservation Trust Land, CA",4090
23.0,14.0,9.0,"Sulphur Bank Rancheria, CA",4030
2010.0,1338.0,672.0,"Taos Pueblo and Off-Reservation Trust Land, NM",4140
329.0,270.0,59.0,"Tesuque Pueblo and Off-Reservation Trust Land, NM",4170
8.0,8.0,0.0,"Table Mountain Rancheria, CA",4110
0.0,0.0,0.0,"Tampa Reservation, FL",4130
840.0,586.0,254.0,"Torres-Martinez Reservation, CA",4255
263.0,212.0,51.0,"Tonawanda Reservation, NY",4225
48.0,30.0,18.0,"Trinidad Rancheria and Off-Reservation Trust Land, CA",4275
378.0,172.0,206.0,"Tule River Reservation and Off-Reservation Trust Land, CA",4300
20.0,15.0,5.0,"Timbi-Sha Shoshone Reservation and Off-Reservation Trust Land, CA--NV",4180
2870.0,1948.0,922.0,"Tohono O'odham Nation Reservation and Off-Reservation Trust Land, AZ",4200
3632.0,2840.0,792.0,"Tulalip Reservation and Off-Reservation Trust Land, WA",4290
49.0,44.0,5.0,"Tonto Apache Reservation and Off-Reservation Trust Land, AZ",4235
55.0,37.0,18.0,"Tunica-Biloxi Reservation and Off-Reservation Trust Land, LA",4315
69.0,35.0,34.0,"Tuolumne Rancheria, CA",4330
389.0,345.0,44.0,"Tuscarora Nation Reservation, NY",4360
2799.0,1872.0,927.0,"Turtle Mountain Reservation and Off-Reservation Trust Land, MT--ND--SD",4345
4.0,4.0,0.0,"Twenty-Nine Palms Reservation and Off-Reservation Trust Land, CA",4375
8148.0,6245.0,1903.0,"Uintah and Ouray Reservation and Off-Reservation Trust Land, UT",4390
552.0,334.0,218.0,"Ute Mountain Reservation and Off-Reservation Trust Land, CO--NM--UT",4470
104.0,38.0,66.0,"Upper Skagit Reservation, WA",4455
34.0,18.0,16.0,"Upper Lake Rancheria, CA",4430
37.0,18.0,19.0,"Wells Colony, NV",4580
35.0,8.0,27.0,"Wampanoag-Aquinnah Trust Land, MA",4530
391.0,226.0,165.0,"Walker River Reservation, NV",4515
3500.0,2532.0,968.0,"White Earth Reservation and Off-Reservation Trust Land, MN",4595
1106.0,710.0,396.0,"Warm Springs Reservation and Off-Reservation Trust Land, OR",4545
9431.0,6581.0,2850.0,"Wind River Reservation and Off-Reservation Trust Land, WY",4610
841.0,430.0,411.0,"Winnebago Reservation and Off-Reservation Trust Land, NE--IA",4625
41.0,25.0,16.0,"Woodfords Community, CA",4665
100.0,59.0,41.0,"Yavapai-Prescott Reservation, AZ",4710
45.0,35.0,10.0,"Yomba Reservation, NV",4740
365.0,197.0,168.0,"Yurok Reservation, CA",4760
2102.0,1354.0,748.0,"Yankton Reservation, SD",4700
1906.0,1535.0,371.0,"Zuni Reservation and Off-Reservation Trust Land, NM--AZ",4785
300.0,175.0,125.0,"Yavapai-Apache Nation Reservation, AZ",4708
218.0,192.0,26.0,"Zia Pueblo and Off-Reservation Trust Land, NM",4770
101.0,75.0,26.0,"Yerington Colony, NV",4725
0.0,0.0,0.0,"Kahikinui Hawaiian Home Land, HI",5041
64.0,45.0,19.0,"Upper Sioux Community and Off-Reservation Trust Land, MN",4445
1020.0,703.0,317.0,"Umatilla Reservation and Off-Reservation Trust Land, OR",4405
1403.0,1103.0,300.0,"Washoe Ranches Trust Land, NV--CA",4560
166.0,144.0,22.0,"Viejas Reservation and Off-Reservation Trust Land, CA",4500
20.0,16.0,4.0,"Winnemucca Indian Colony, NV",4635
25.0,18.0,7.0,"XL Ranch Rancheria, CA",4680
8486.0,5089.0,3397.0,"Yakama Nation Reservation and Off-Reservation Trust Land, WA",4690
218.0,199.0,19.0,"Ysleta del Sur Pueblo and Off-Reservation Trust Land, TX",4755
0.0,0.0,0.0,"Kickapoo (KS) Reservation/Sac and Fox Nation Trust Land joint-use area, KS",4910
0.0,0.0,0.0,"San Felipe Pueblo/Santa Ana Pueblo joint-use area, NM",4930
0.0,0.0,0.0,"San Felipe Pueblo/Santo Domingo Pueblo joint-use area, NM",4940
9.0,5.0,4.0,"Hanapepe Hawaiian Home Land, HI",5011
0.0,0.0,0.0,"Honokaia Hawaiian Home Land, HI",5026
120.0,110.0,10.0,"Kalamaula Hawaiian Home Land, HI",5046
53.0,2.0,51.0,"Kalaupapa Hawaiian Home Land, HI",5051
53.0,40.0,13.0,"Kapaakea Hawaiian Home Land, HI",5076
9.0,9.0,0.0,"Kamaoa-Puueo Hawaiian Home Land, HI",5056
13.0,9.0,4.0,"Kamoku-Kapulena Hawaiian Home Land, HI",5066
0.0,0.0,0.0,"Kapaa Hawaiian Home Land, HI",5071
0.0,0.0,0.0,"Kapolei Hawaiian Home Land, HI",5083
49.0,47.0,2.0,"Kaumana Hawaiian Home Land, HI",5086
180.0,172.0,8.0,"Kawaihae Hawaiian Home Land, HI",5091
342.0,339.0,3.0,"Kaupea Hawaiian Home Land, HI",5088
31.0,11.0,20.0,"Kamiloloa-Makakupaia Hawaiian Home Land, HI",5061
404.0,354.0,50.0,"Anahola (Residential) Hawaiian Home Land, HI",5004
0.0,0.0,0.0,"Kalaeloa Hawaiian Home Land, HI",5044
112.0,106.0,6.0,"Kalawahine Hawaiian Home Land, HI",5053
15.0,0.0,15.0,"East Kapolei Hawaiian Home Land, HI",5008
61.0,45.0,16.0,"Anahola (Agricultural) Hawaiian Home Land, HI",5003
308.0,308.0,0.0,"Kanehili Hawaiian Home Land, HI",5067
5.0,5.0,0.0,"Homuula-Upper Piihonua Hawaiian Home Land, HI",5018
64.0,64.0,0.0,"Kakaina-Kumuhau Hawaiian Home Land, HI",5043
0.0,0.0,0.0,"Honokowai Hawaiian Home Land, HI",5029
0.0,0.0,0.0,"Honomu Hawaiian Home Land, HI",5031
0.0,0.0,0.0,"Kaohe-Olaa Hawaiian Home Land, HI",5069
0.0,0.0,0.0,"Keahuolu Hawaiian Home Land, HI",5098
378.0,304.0,74.0,"Hoolehua-Palaaau Hawaiian Home Land, HI",5033
0.0,0.0,0.0,"Keoniki Hawaiian Home Land, HI",5116
0.0,0.0,0.0,"Honolulu Makai Hawaiian Home Land, HI",5030
0.0,0.0,0.0,"Haiku Hawaiian Home Land, HI",5009
293.0,272.0,21.0,"Kealakehe Hawaiian Home Land, HI",5101
495.0,431.0,64.0,"Keaukaha Hawaiian Home Land, HI",5106
157.0,145.0,12.0,"Kekaha Hawaiian Home Land, HI",5111
26.0,26.0,0.0,"Lalamilo Hawaiian Home Land, HI",5133
7.0,7.0,0.0,"Lualualei Hawaiian Home Land, HI",5136
32.0,16.0,16.0,"Makuu Hawaiian Home Land, HI",5146
2.0,2.0,0.0,"Moloaa Hawaiian Home Land, HI",5156
1059.0,979.0,80.0,"Nanakuli Hawaiian Home Land, HI",5161
10.0,10.0,0.0,"Nienie Hawaiian Home Land, HI",5166
0.0,0.0,0.0,"Pauahi Hawaiian Home Land, HI",5181
192.0,171.0,21.0,"Paukukalo Hawaiian Home Land, HI",5186
24.0,24.0,0.0,"Lanai City Hawaiian Home Land, HI",5134
5.0,5.0,0.0,"Keanae-Wailua Hawaiian Home Land, HI",5104
362.0,349.0,13.0,"Princess Kahanu Estates Hawaiian Home Land, HI",5198
61.0,55.0,6.0,"Kewalo Hawaiian Home Land, HI",5120
367.0,327.0,40.0,"Panaewa (Residential) Hawaiian Home Land, HI",5177
125.0,121.0,4.0,"Leialii Hawaiian Home Land, HI",5135
0.0,0.0,0.0,"Pulehunui Hawaiian Home Land, HI",5199
17.0,14.0,3.0,"Piihonua Hawaiian Home Land, HI",5193
0.0,0.0,0.0,"Maili Hawaiian Home Land, HI",5138
255.0,198.0,57.0,"Maluohai Hawaiian Home Land, HI",5148
48.0,48.0,0.0,"Keokea (Agricultural) Hawaiian Home Land, HI",5114
16.0,1.0,15.0,"Pearl City Hawaiian Home Land, HI",5188
5.0,5.0,0.0,"Ponohawaii Hawaiian Home Land, HI",5196
332.0,310.0,22.0,"Papakolea Hawaiian Home Land, HI",5179
0.0,0.0,0.0,"Makaha Valley Hawaiian Home Land, HI",5139
0.0,0.0,0.0,"Kolaoa Hawaiian Home Land, HI",5123
177.0,148.0,29.0,"Panaewa (Agricultural) Hawaiian Home Land, HI",5176
0.0,0.0,0.0,"Waimea Hawaiian Home Land, HI",5281
247.0,222.0,25.0,"Puukapu Hawaiian Home Land, HI",5201
9.0,7.0,2.0,"Ualapue Hawaiian Home Land, HI",5216
0.0,0.0,0.0,"Waiakea Hawaiian Home Land, HI",5236
447.0,399.0,48.0,"Waiehu Hawaiian Home Land, HI",5241
0.0,0.0,0.0,"Wailau Hawaiian Home Land, HI",5251
729.0,598.0,131.0,"Waimanalo Hawaiian Home Land, HI",5271
0.0,0.0,0.0,"Waimanu Hawaiian Home Land, HI",5276
0.0,0.0,0.0,"Upolu Hawaiian Home Land, HI",5222
350.0,339.0,11.0,"Waiohuli (Residential) Hawaiian Home Land, HI",5286
152.0,144.0,8.0,"Waianae Kai Hawaiian Home Land, HI",5239
0.0,0.0,0.0,"Waiku-Hana Hawaiian Home Land, HI",5248
0.0,0.0,0.0,"Wailua Hawaiian Home Land, HI",5256
0.0,0.0,0.0,"South Maui Hawaiian Home Land, HI",5213
3.0,2.0,1.0,"Waiahole Hawaiian Home Land, HI",5223
495.0,470.0,25.0,"Waianae Hawaiian Home Land, HI",5238
0.0,0.0,0.0,"Waiohinu Hawaiian Home Land, HI",5283
319.0,274.0,45.0,"Eastern Shawnee OTSA, OK",5640
306122.0,194710.0,111412.0,"Creek OTSA, OK",5620
2386.0,2041.0,345.0,"Iowa OTSA, OK",5670
43450.0,36020.0,7430.0,"Citizen Potawatomi Nation-Absentee Shawnee OTSA, OK",5600
2330.0,1861.0,469.0,"Kaw OTSA, OK",5690
5293.0,4052.0,1241.0,"Caddo-Wichita-Delaware OTSA, OK",5540
116291.0,83166.0,33125.0,"Chickasaw OTSA, OK",5580
89259.0,62535.0,26724.0,"Choctaw OTSA, OK",5590
63942.0,46054.0,17888.0,"Cheyenne-Arapaho OTSA, OK",5560
192769.0,135152.0,57617.0,"Cherokee OTSA, OK",5550
75116.0,52272.0,22844.0,"United Houma Nation (state) SDTSA, LA",9960
884.0,760.0,124.0,"Waccamaw Siouan (state) SDTSA, NC",9970
13.0,10.0,3.0,"Waccamaw SDTSA, SC",9967
384.0,284.0,100.0,"Upper South Carolina Pee Dee SDTSA, SC",9963
2597.0,1507.0,1090.0,"United Cherokee Ani-Yun-Wiya Nation SDTSA, AL",9950
825.0,447.0,378.0,"Wassamasaw SDTSA, SC",9975
3489.0,3039.0,450.0,"Nanticoke Indian Tribe (state) SDTSA, DE",9830
187403.0,106373.0,81030.0,"Lumbee (state) SDTSA, NC",9815
8637.0,6664.0,1973.0,"MaChis Lower Creek (state) SDTSA, AL",9820
2971.0,1556.0,1415.0,"Meherrin (state) SDTSA, NC",9825
2040.0,1459.0,581.0,"Nanticoke Lenni Lenape (state) SDTSA, NJ",9835
277.0,229.0,48.0,"Ramapough (state) SDTSA, NJ",9850
2181.0,1486.0,695.0,"Star Muskogee Creek (state) SDTSA, AL",9880
262.0,194.0,68.0,"Lenape Indian Tribe of Delaware SDTSA, DE",9800
642.0,490.0,152.0,"Pee Dee SDTSA, SC",9844
195.0,161.0,34.0,"Santee SDTSA, SC",9875
950.0,745.0,205.0,"Sappony SDTSA, NC",9865
3617.0,2975.0,642.0,"Occaneechi-Saponi SDTSA, NC",9838
20753.0,17356.0,3397.0,"Echota Cherokee (state) SDTSA, AL",9680
11280.0,6421.0,4859.0,"Four Winds Cherokee (state) SDTSA, LA",9720
3407.0,2530.0,877.0,"Haliwa-Saponi (state) SDTSA, NC",9745
161.0,132.0,29.0,"Clifton Choctaw (state) SDTSA, LA",9630
22908.0,13602.0,9306.0,"Coharie (state) SDTSA, NC",9635
96.0,83.0,13.0,"Eastern Chickahominy (state) SDTSA, VA",9675
43.0,26.0,17.0,"Deering ANVSA, AK",6400
13.0,12.0,1.0,"Eklutna ANVSA, AK",6450
17.0,11.0,6.0,"Eagle ANVSA, AK",6430
73.0,66.0,7.0,"Eyak ANVSA, AK",6495
119.0,81.0,38.0,"Eek ANVSA, AK",6440
760.0,429.0,331.0,"Dillingham ANVSA, AK",6405
28.0,21.0,7.0,"Ekwok ANVSA, AK",6460
0.0,0.0,0.0,"Ekuk ANVSA, AK",6455
16.0,10.0,6.0,"Dot Lake ANVSA, AK",6415
9.0,6.0,3.0,"Evansville ANVSA, AK",6490
18.0,15.0,3.0,"Egegik ANVSA, AK",6445
180.0,132.0,48.0,"Emmonak ANVSA, AK",6480
12.0,10.0,2.0,"Karluk ANVSA, AK",6700
154.0,122.0,32.0,"Kipnuk ANVSA, AK",6750
94.0,73.0,21.0,"Kiana ANVSA, AK",6730
13247.0,9361.0,3886.0,"Kenaitze ANVSA, AK",6720
32.0,18.0,14.0,"Kobuk ANVSA, AK",6790
36.0,21.0,15.0,"Kasaan ANVSA, AK",6705
239.0,144.0,95.0,"Klawock ANVSA, AK",6765
114.0,89.0,25.0,"Kasigluk ANVSA, AK",6710
22680.0,17255.0,5425.0,"Knik ANVSA, AK",6785
121.0,82.0,39.0,"Kivalina ANVSA, AK",6755
240.0,149.0,91.0,"King Cove ANVSA, AK",6735
126.0,94.0,32.0,"Copper Center ANVSA, AK",6365
39.0,16.0,23.0,"Circle ANVSA, AK",6350
21.0,12.0,9.0,"Chitina ANVSA, AK",6330
30.0,14.0,16.0,"Chuathbaluk ANVSA, AK",6335
33.0,22.0,11.0,"Crooked Creek ANVSA, AK",6390
0.0,0.0,0.0,"Council ANVSA, AK",6380
23.0,20.0,3.0,"Chistochina ANVSA, AK",6325
189.0,129.0,60.0,"Chilkoot ANVSA, AK",6315
24.0,22.0,2.0,"Chignik Lake ANVSA, AK",6305
26.0,23.0,3.0,"Chignik Lagoon ANVSA, AK",6300
609.0,417.0,192.0,"Craig ANVSA, AK",6385
0.0,0.0,0.0,"Chulloonawick ANVSA, AK",6340
34.0,26.0,8.0,"Chilkat ANVSA, AK",6310
98.0,81.0,17.0,"Hydaburg ANVSA, AK",6615
0.0,0.0,0.0,"Ivanof Bay ANVSA, AK",6650
68.0,54.0,14.0,"Kwigillingok ANVSA, AK",6840
23.0,17.0,6.0,"Larsen Bay ANVSA, AK",6855
151.0,127.0,24.0,"Kwethluk ANVSA, AK",6835
79.0,64.0,15.0,"Lower Kalskag ANVSA, AK",6890
81.0,66.0,15.0,"Kongiganak ANVSA, AK",6810
74.0,46.0,28.0,"Koyuk ANVSA, AK",6825
2.0,2.0,0.0,"Lime Village ANVSA, AK",6875
43.0,34.0,9.0,"Kokhanok ANVSA, AK",6800
905.0,419.0,486.0,"Kotzebue ANVSA, AK",6820
156.0,109.0,47.0,"Kotlik ANVSA, AK",6815
139.0,82.0,57.0,"McGrath ANVSA, AK",6895
29.0,17.0,12.0,"Koyukuk ANVSA, AK",6830
34.0,23.0,11.0,"Levelock ANVSA, AK",6865
163.0,142.0,21.0,"Kwinhagak ANVSA, AK",6845
5944.0,4444.0,1500.0,"Ninilchik ANVSA, AK",7080
32.0,18.0,14.0,"Newhalen ANVSA, AK",7035
66.0,56.0,10.0,"Newtok ANVSA, AK",7055
112.0,75.0,37.0,"New Stuyahok ANVSA, AK",7050
0.0,0.0,0.0,"Napaimute ANVSA, AK",7005
96.0,76.0,20.0,"Noatak ANVSA, AK",7085
141.0,91.0,50.0,"Nenana ANVSA, AK",7030
14.0,8.0,6.0,"Nikolski ANVSA, AK",7075
19.0,16.0,3.0,"Nelson Lagoon ANVSA, AK",7025
80.0,60.0,20.0,"Napaskiak ANVSA, AK",7020
42.0,38.0,4.0,"Nightmute ANVSA, AK",7065
51.0,31.0,20.0,"New Koliganek ANVSA, AK",7040
110.0,75.0,35.0,"Napakiak ANVSA, AK",7010
41.0,27.0,14.0,"Nikolai ANVSA, AK",7070
83.0,58.0,25.0,"Marshall ANVSA, AK",6910
142.0,98.0,44.0,"Manokotak ANVSA, AK",6905
155.0,109.0,46.0,"Mountain Village ANVSA, AK",6975
202.0,126.0,76.0,"Naknek ANVSA, AK",6990
0.0,0.0,0.0,"Mary's Igloo ANVSA, AK",6915
43.0,19.0,24.0,"Mentasta Lake ANVSA, AK",6945
75.0,45.0,30.0,"Minto ANVSA, AK",6965
76.0,63.0,13.0,"Mekoryuk ANVSA, AK",6935
38.0,30.0,8.0,"Manley Hot Springs ANVSA, AK",6900
56.0,24.0,32.0,"Nanwalek ANVSA, AK",6995
91.0,72.0,19.0,"Old Harbor ANVSA, AK",7150
75.0,57.0,18.0,"Ouzinkie ANVSA, AK",7180
105.0,60.0,45.0,"Nuiqsut ANVSA, AK",7125
43.0,27.0,16.0,"Nondalton ANVSA, AK",7100
0.0,0.0,0.0,"Ohogamiut ANVSA, AK",7145
0.0,0.0,0.0,"Paimiut ANVSA, AK",7185
113.0,80.0,33.0,"Nunapitchuk ANVSA, AK",7135
8.0,6.0,2.0,"Oscarville ANVSA, AK",7175
122.0,69.0,53.0,"Noorvik ANVSA, AK",7110
30.0,25.0,5.0,"Nunam Iqua ANVSA, AK",7133
94.0,73.0,21.0,"Nulato ANVSA, AK",7130
68.0,55.0,13.0,"Northway ANVSA, AK",7115
57.0,43.0,14.0,"Goodnews Bay ANVSA, AK",6545
17.0,4.0,13.0,"Gulkana ANVSA, AK",6560
33.0,8.0,25.0,"False Pass ANVSA, AK",6500
36.0,24.0,12.0,"Golovin ANVSA, AK",6540
304.0,191.0,113.0,"Hoonah ANVSA, AK",6590
24.0,17.0,7.0,"Gakona ANVSA, AK",6520
0.0,0.0,0.0,"Hamilton ANVSA, AK",6570
203.0,141.0,62.0,"Fort Yukon ANVSA, AK",6515
54.0,29.0,25.0,"Grayling ANVSA, AK",6550
233.0,163.0,70.0,"Hooper Bay ANVSA, AK",6595
65.0,48.0,17.0,"Holy Cross ANVSA, AK",6585
0.0,0.0,0.0,"Georgetown ANVSA, AK",6535
171.0,139.0,32.0,"Galena ANVSA, AK",6525
157.0,132.0,25.0,"Gambell ANVSA, AK",6530
2.0,2.0,0.0,"Healy Lake ANVSA, AK",6575
38.0,32.0,6.0,"Chalkyitsik ANVSA, AK",6265
15.0,10.0,5.0,"Chignik ANVSA, AK",6295
93.0,59.0,34.0,"Brevig Mission ANVSA, AK",6240
10.0,6.0,4.0,"Chenega ANVSA, AK",6280
77.0,70.0,7.0,"Chefornak ANVSA, AK",6275
7880.0,6108.0,1772.0,"Chickaloon ANVSA, AK",6290
1.0,1.0,0.0,"Birch Creek ANVSA, AK",6235
0.0,0.0,0.0,"Bill Moore's ANVSA, AK",6225
89.0,74.0,15.0,"Cantwell ANVSA, AK",6255
253.0,200.0,53.0,"Chevak ANVSA, AK",6285
1927.0,888.0,1039.0,"Bethel ANVSA, AK",6205
125.0,76.0,49.0,"Buckland ANVSA, AK",6250
14.0,9.0,5.0,"Igiugig ANVSA, AK",6620
57.0,41.0,16.0,"Kaktovik ANVSA, AK",6680
110.0,85.0,25.0,"Huslia ANVSA, AK",6610
27.0,11.0,16.0,"Inalik ANVSA, AK",6630
68.0,58.0,10.0,"Kalskag ANVSA, AK",6685
20.0,12.0,8.0,"Iliamna ANVSA, AK",6625
182.0,123.0,59.0,"Kake ANVSA, AK",6670
29.0,15.0,14.0,"Hughes ANVSA, AK",6605
68.0,50.0,18.0,"Kaltag ANVSA, AK",6690
6.0,2.0,4.0,"Stevens Village ANVSA, AK",7520
54.0,36.0,18.0,"Teller ANVSA, AK",7570
0.0,0.0,0.0,"Solomon ANVSA, AK",7500
123.0,85.0,38.0,"Stebbins ANVSA, AK",7510
44.0,33.0,11.0,"Tanacross ANVSA, AK",7535
100.0,65.0,35.0,"Tanana ANVSA, AK",7540
24.0,16.0,8.0,"Tatitlek ANVSA, AK",7555
0.0,0.0,0.0,"Telida ANVSA, AK",7565
82.0,55.0,27.0,"Tazlina ANVSA, AK",7560
18.0,12.0,6.0,"Takotna ANVSA, AK",7530
10.0,5.0,5.0,"Stony River ANVSA, AK",7525
24.0,14.0,10.0,"South Naknek ANVSA, AK",7505
103.0,61.0,42.0,"St. Michael ANVSA, AK",7375
69.0,50.0,19.0,"Russian Mission ANVSA, AK",7315
11.0,9.0,2.0,"Rampart ANVSA, AK",7300
25.0,15.0,10.0,"St. George ANVSA, AK",7340
150.0,87.0,63.0,"St. Paul ANVSA, AK",7390
68.0,56.0,12.0,"Ruby ANVSA, AK",7310
11.0,11.0,0.0,"Red Devil ANVSA, AK",7305
0.0,0.0,0.0,"Portage Creek ANVSA, AK",7260
29.0,22.0,7.0,"Perryville ANVSA, AK",7215
21.0,15.0,6.0,"Port Heiden ANVSA, AK",7270
67.0,26.0,41.0,"Point Lay ANVSA, AK",7255
74.0,43.0,31.0,"Port Graham ANVSA, AK",7265
8.0,8.0,0.0,"Pedro Bay ANVSA, AK",7205
136.0,95.0,41.0,"Pilot Station ANVSA, AK",7230
93.0,82.0,11.0,"Port Lions ANVSA, AK",7275
23.0,19.0,4.0,"Pilot Point ANVSA, AK",7225
29.0,27.0,2.0,"Pitkas Point ANVSA, AK",7235
7.0,5.0,2.0,"Platinum ANVSA, AK",7245
168.0,118.0,50.0,"Point Hope ANVSA, AK",7250
75.0,60.0,15.0,"Shaktoolik ANVSA, AK",7450
209.0,178.0,31.0,"Savoonga ANVSA, AK",7415
55.0,39.0,16.0,"Shungnak ANVSA, AK",7470
232.0,164.0,68.0,"Salamatof ANVSA, AK",7400
415.0,254.0,161.0,"Sand Point ANVSA, AK",7410
139.0,86.0,53.0,"Shishmaref ANVSA, AK",7465
24.0,15.0,9.0,"Sleetmute ANVSA, AK",7495
171.0,128.0,43.0,"Selawik ANVSA, AK",7430
114.0,81.0,33.0,"Scammon Bay ANVSA, AK",7425
201.0,149.0,52.0,"Seldovia ANVSA, AK",7435
122.0,70.0,52.0,"Saxman ANVSA, AK",7420
29.0,17.0,12.0,"Shageluk ANVSA, AK",7440
5.0,5.0,0.0,"Ione Band of Miwok TDSA, CA",8300
1136.0,949.0,187.0,"Cayuga Nation TDSA, NY",8100
32866.0,20168.0,12698.0,"Cher-O-Creek SDTSA, AL",9550
2518.0,1469.0,1049.0,"Douglas ANVSA, AK",6420
88.0,57.0,31.0,"Elim ANVSA, AK",6470
60.0,34.0,26.0,"King Salmon ANVSA, AK",6740
5120.0,3163.0,1957.0,"Ketchikan ANVSA, AK",6725
0.0,0.0,0.0,"Kodiak ANVSA, AK",6795
17.0,12.0,5.0,"Clarks Point ANVSA, AK",6360
13.0,13.0,0.0,"Lake Minchumina ANVSA, AK",6850
0.0,0.0,0.0,"Lesnoi ANVSA, AK",6860
1326.0,676.0,650.0,"Nome ANVSA, AK",7095
0.0,0.0,0.0,"Canyon Village ANVSA, AK",6257
40.0,35.0,5.0,"Tetlin ANVSA, AK",7580
38.0,7.0,31.0,"Port Alsworth ANVSA, AK",7263
1085.0,730.0,355.0,"Petersburg ANVSA, AK",7220
423.0,220.0,203.0,"Skagway ANVSA, AK",7485
1815.0,967.0,848.0,"Sitka ANVSA, AK",7475
33.0,32.0,1.0,"Mattaponi Reservation (state), VA",9230
38.0,10.0,28.0,"MOWA Choctaw Reservation (state), AL",9240
54.0,50.0,4.0,"Pamunkey Reservation (state), VA",9260
10.0,9.0,1.0,"Paucatuck Eastern Pequot Reservation (state), CT",9280
9.0,7.0,2.0,"Tama Reservation (state), GA",9400
981.0,668.0,313.0,"Adais Caddo (state) SDTSA, LA",9510
2554.0,1908.0,646.0,"Apache Choctaw (state) SDTSA, LA",9515
5052.0,3320.0,1732.0,"Cherokee Tribe of Northeast Alabama (state) SDTSA, AL",9560
1444.0,1267.0,177.0,"Chickahominy (state) SDTSA, VA",9580
364.0,313.0,51.0,"Beaver Creek SDTSA, SC",9525
87.0,55.0,32.0,"Tuluksak ANVSA, AK",7630
207.0,139.0,68.0,"Unalakleet ANVSA, AK",7690
122.0,83.0,39.0,"Tuntutuliak ANVSA, AK",7640
121.0,85.0,36.0,"Toksook Bay ANVSA, AK",7625
70.0,49.0,21.0,"Tununak ANVSA, AK",7645
191.0,126.0,65.0,"Togiak ANVSA, AK",7605
93.0,61.0,32.0,"Tyonek ANVSA, AK",7655
978.0,221.0,757.0,"Unalaska ANVSA, AK",7695
30.0,16.0,14.0,"Twin Hills ANVSA, AK",7650
5.0,5.0,0.0,"Ugashik ANVSA, AK",7665
56.0,33.0,23.0,"Wales ANVSA, AK",7740
255.0,154.0,101.0,"Yakutat ANVSA, AK",7765
71.0,35.0,36.0,"White Mountain ANVSA, AK",7745
134.0,85.0,49.0,"Wainwright ANVSA, AK",7735
1134.0,512.0,622.0,"Mechoopda TDSA, CA",8450
17329.0,12437.0,4892.0,"Samish TDSA, WA",8750
0.0,0.0,0.0,"Belkofski ANVSA, AK",6195
18.0,15.0,3.0,"Atka ANVSA, AK",6150
51.0,31.0,20.0,"Atmautluak ANVSA, AK",6160
47.0,37.0,10.0,"Atqasuk ANVSA, AK",6165
61.0,48.0,13.0,"Arctic Village ANVSA, AK",6140
28.0,22.0,6.0,"Beaver ANVSA, AK",6190
1385.0,641.0,744.0,"Barrow ANVSA, AK",6175
160.0,113.0,47.0,"Aniak ANVSA, AK",6105
131.0,65.0,66.0,"Angoon ANVSA, AK",6100
39.0,23.0,16.0,"Anvik ANVSA, AK",6125
95.0,72.0,23.0,"Miami OTSA, OK",5730
6136.0,4662.0,1474.0,"Pawnee OTSA, OK",5780
70561.0,42334.0,28227.0,"Kiowa-Comanche-Apache-Fort Sill Apache OTSA, OK",5720
307.0,203.0,104.0,"Otoe-Missouria OTSA, OK",5760
2108.0,1162.0,946.0,"Ottawa OTSA, OK",5770
7338.0,5328.0,2010.0,"Kickapoo OTSA, OK",5700
94.0,70.0,24.0,"Modoc OTSA, OK",5740
1971.0,1363.0,608.0,"Peoria OTSA, OK",5795
3961.0,2535.0,1426.0,"Kiowa-Comanche-Apache-Ft Sill Apache/Caddo-Wichita-Delaware joint-use OTSA, OK",5955
0.0,0.0,0.0,"Hassanamisco Reservation (state), MA",9150
5.0,2.0,3.0,"Golden Hill Paugussett (state) Reservation, CT",9100
232.0,183.0,49.0,"Poospatuck Reservation (state), NY",9300
0.0,0.0,0.0,"Schaghticoke Reservation (state), CT",9350
22.0,18.0,4.0,"Shinnecock Reservation (state), NY",9370
51.0,38.0,13.0,"Venetie ANVSA, AK",7725
581.0,316.0,265.0,"Wrangell ANVSA, AK",7755
705.0,531.0,174.0,"Creek/Seminole joint-use OTSA, OK",5915
10474.0,6805.0,3669.0,"Kaw/Ponca joint-use OTSA, OK",5950
1822.0,1018.0,804.0,"Miami/Peoria joint-use OTSA, OK",5970
663.0,512.0,151.0,"Wyandotte OTSA, OK",5890
1540.0,1037.0,503.0,"Tonkawa OTSA, OK",5860
8535.0,5944.0,2591.0,"Seminole OTSA, OK",5830
689.0,510.0,179.0,"Ponca OTSA, OK",5800
1816.0,1495.0,321.0,"Seneca-Cayuga OTSA, OK",5835
22152.0,14718.0,7434.0,"Sac and Fox OTSA, OK",5820
1865.0,1376.0,489.0,"Quapaw OTSA, OK",5810
0.0,0.0,0.0,"Alatna ANVSA, AK",6040
148.0,115.0,33.0,"Akiachak ANVSA, AK",6020
78.0,52.0,26.0,"Anaktuvuk Pass ANVSA, AK",6080
78.0,49.0,29.0,"Ambler ANVSA, AK",6075
64.0,39.0,25.0,"Akutan ANVSA, AK",6030
16.0,12.0,4.0,"Akhiok ANVSA, AK",6015
82.0,66.0,16.0,"Akiak ANVSA, AK",6025
61.0,34.0,27.0,"Allakaket ANVSA, AK",6070
27.0,23.0,4.0,"Andreafsky ANVSA, AK",6095
164.0,130.0,34.0,"Alakanuk ANVSA, AK",6035
63.0,52.0,11.0,"Aleknagik ANVSA, AK",6045
123.0,94.0,29.0,"Algaaciq ANVSA, AK",6065
