B19013_001E,name,american indian area/alaska native area/hawaiian home land
-666666666.0,"Augustine Reservation, CA",0125
115625.0,"Barona Reservation, CA",0155
37813.0,"Benton Paiute Reservation and Off-Reservation Trust Land, CA",0185
-666666666.0,"Auburn Rancheria and Off-Reservation Trust Land, CA",0120
17917.0,"Aroostook Band of Micmac Trust Land, ME",0115
39583.0,"Battle Mountain Reservation and Off-Reservation Trust Land, NV",0165
56458.0,"Big Cypress Reservation, FL",0225
41544.0,"Bishop Reservation, CA",0290
33438.0,"Big Valley Rancheria, CA",0275
49479.0,"Berry Creek Rancheria and Off-Reservation Trust Land, CA",0200
-666666666.0,"Big Sandy Rancheria and Off-Reservation Trust Land, CA",0265
-666666666.0,"Capitan Grande Reservation, CA",0495
33229.0,"Big Pine Reservation, CA",0250
32639.0,"Bad River Reservation, WI",0140
-666666666.0,"Big Lagoon Rancheria, CA",0240
57969.0,"Annette Island Reserve, AK",0110
38409.0,"Bay Mills Reservation and Off-Reservation Trust Land, MI",0170
31250.0,"Bridgeport Reservation, CA",0350
-666666666.0,"Big Bend Rancheria, CA",0215
102292.0,"Brighton Reservation, FL",0360
24713.0,"Blackfeet Indian Reservation and Off-Reservation Trust Land, MT",0305
70000.0,"Blue Lake Rancheria and Off-Reservation Trust Land, CA",0325
37750.0,"Bois Forte Reservation and Off-Reservation Trust Land, MN",0335
27250.0,"Burns Paiute Indian Colony and Off-Reservation Trust Land, OR",0400
26667.0,"Campo Indian Reservation, CA",0450
-666666666.0,"Cahuilla Reservation, CA",0435
30443.0,"Allegany Reservation, NY",0080
40000.0,"Carson Colony, NV",0510
27500.0,"Campbell Ranch, NV",0440
27717.0,"Cabazon Reservation, CA",0415
51724.0,"Agua Caliente Indian Reservation and Off-Reservation Trust Land, CA",0020
30833.0,"Alabama-Coushatta Reservation and Off-Reservation Trust Land, TX",0050
-666666666.0,"Alturas Indian Rancheria, CA",0095
39868.0,"Acoma Pueblo and Off-Reservation Trust Land, NM",0010
33365.0,"Catawba Reservation, SC",0525
91250.0,"Cedarville Rancheria and Off-Reservation Trust Land, CA",0555
-666666666.0,"Celilo Village Trust Land, OR",0560
29773.0,"Cattaraugus Reservation, NY",0540
52917.0,"Chehalis Reservation and Off-Reservation Trust Land, WA",0575
42813.0,"Chitimacha Reservation, LA",0635
38609.0,"Cheyenne River Reservation and Off-Reservation Trust Land, SD",0605
32083.0,"Cocopah Reservation, AZ",0695
30625.0,"Cold Springs Rancheria, CA",0720
87500.0,"Colusa Rancheria, CA",0750
28375.0,"Coquille Reservation, OR",0775
30000.0,"Chemehuevi Reservation, CA",0585
-666666666.0,"Chicken Ranch Rancheria and Off-Reservation Trust Land, CA",0620
48929.0,"Pueblo de Cochiti, NM",0680
-666666666.0,"Coconut Creek Trust Land, FL",0690
32352.0,"Colorado River Indian Reservation, AZ--CA",0735
-666666666.0,"Cortina Indian Rancheria, CA",0780
28750.0,"Coushatta Reservation and Off-Reservation Trust Land, LA",0795
18750.0,"Coos, Lower Umpqua, and Siuslaw Reservation and Off-Reservation Trust Land, OR",0770
38182.0,"Colville Reservation and Off-Reservation Trust Land, WA",0760
46012.0,"Coeur d'Alene Reservation, ID",0705
30234.0,"Crow Creek Reservation, SD",0855
48405.0,"Crow Reservation and Off-Reservation Trust Land, MT",0845
47500.0,"Coyote Valley Reservation, CA",0825
45000.0,"Duckwater Reservation, NV",0975
35391.0,"Duck Valley Reservation, NV--ID",0965
33741.0,"Eastern Cherokee Reservation, NC",0990
20625.0,"Dresslerville Colony, NV",0940
52850.0,"Fond du Lac Reservation and Off-Reservation Trust Land, MN--WI",1125
39936.0,"Flathead Reservation, MT",1110
42808.0,"Fort Hall Reservation and Off-Reservation Trust Land, ID",1185
58333.0,"Forest County Potawatomi Community and Off-Reservation Trust Land, WI",1135
29566.0,"Fort Belknap Reservation and Off-Reservation Trust Land, MT",1150
52500.0,"Fort Independence Reservation, CA",1195
40000.0,"Flandreau Reservation, SD",1100
63093.0,"Fort Berthold Reservation, ND",1160
37708.0,"Ely Reservation, NV",1040
34375.0,"Elko Colony, NV",1005
31786.0,"Fallon Paiute-Shoshone Reservation and Off-Reservation Trust Land, NV",1075
-666666666.0,"Enterprise Rancheria, CA",1055
25694.0,"Fort Pierce Reservation, FL",1260
39313.0,"Fort Mojave Reservation and Off-Reservation Trust Land, AZ--CA--NV",1235
14712.0,"Grindstone Indian Rancheria, CA",1395
42500.0,"Cow Creek Reservation and Off-Reservation Trust Land, OR",0815
-666666666.0,"Cowlitz Reservation, WA",0820
-666666666.0,"Dry Creek Rancheria and Off-Reservation Trust Land, CA",0955
20536.0,"Fort Bidwell Reservation and Off-Reservation Trust Land, CA",1170
26120.0,"Fort Apache Reservation, AZ",1140
21250.0,"Fallon Paiute-Shoshone Colony and Off-Reservation Trust Land, NV",1070
48750.0,"Elk Valley Rancheria and Off-Reservation Trust Land, CA",1010
-666666666.0,"Ewiiaapaayp Reservation, CA",1065
16989.0,"Fort McDermitt Indian Reservation, NV--OR",1210
48409.0,"Fort McDowell Yavapai Nation Reservation, AZ",1220
32500.0,"Fort Peck Indian Reservation and Off-Reservation Trust Land, MT",1250
28646.0,"Fort Yuma Indian Reservation, CA--AZ",1280
-666666666.0,"Fort Sill Apache Indian Reservation, NM",1270
19074.0,"Gila River Indian Reservation, AZ",1310
30625.0,"Grand Ronde Community, OR",1365
49028.0,"Grand Portage Reservation and Off-Reservation Trust Land, MN",1355
-666666666.0,"Greenville Rancheria, CA",1380
30625.0,"Goshute Reservation, NV--UT",1340
37946.0,"Grand Traverse Reservation and Off-Reservation Trust Land, MI",1370
-666666666.0,"Havasupai Reservation, AZ",1440
38500.0,"Hollywood Reservation, FL",1475
28000.0,"Hoopa Valley Reservation, CA",1490
-666666666.0,"Guidiville Rancheria and Off-Reservation Trust Land, CA",1400
37148.0,"Hopi Reservation and Off-Reservation Trust Land, AZ",1505
38625.0,"Hopland Rancheria, CA",1515
30938.0,"Hannahville Indian Community and Off-Reservation Trust Land, MI",1410
41719.0,"Ho-Chunk Nation Reservation and Off-Reservation Trust Land, WI--MN",1450
25625.0,"Hoh Indian Reservation and Off-Reservation Trust Land, WA",1460
36053.0,"Hualapai Indian Reservation and Off-Reservation Trust Land, AZ",1545
46250.0,"Iowa (KS-NE) Reservation and Off-Reservation Trust Land, KS--NE",1590
35625.0,"Huron Potawatomi Reservation and Off-Reservation Trust Land, MI",1550
21818.0,"Houlton Maliseet Reservation and Off-Reservation Trust Land, ME",1530
54563.0,"Immokalee Reservation, FL",1555
23400.0,"Indian Township Reservation, ME",1575
-666666666.0,"Inaja and Cosmit Reservation, CA",1560
58125.0,"Jamestown S'Klallam Reservation and Off-Reservation Trust Land, WA",1655
42250.0,"Jemez Pueblo, NM",1685
-666666666.0,"Jamul Indian Village, CA",1670
-666666666.0,"Jackson Rancheria, CA",1640
36000.0,"Isleta Pueblo, NM",1625
25000.0,"Kickapoo (TX) Reservation, TX",1775
10000.0,"Klamath Reservation, OR",1785
43849.0,"Kickapoo (KS) Reservation, KS",1770
23125.0,"Karuk Reservation and Off-Reservation Trust Land, CA",1750
-666666666.0,"La Posta Indian Reservation, CA",1895
50094.0,"Isabella Reservation, MI",1610
-666666666.0,"Jena Band of Choctaw Reservation, LA",1690
28750.0,"Kaibab Indian Reservation, AZ",1720
55313.0,"Kalispel Reservation and Off-Reservation Trust Land, WA",1735
34875.0,"Jicarilla Apache Nation Reservation and Off-Reservation Trust Land, NM",1700
-666666666.0,"Kootenai Reservation and Off-Reservation Trust Land, ID",1800
48362.0,"Lake Traverse Reservation and Off-Reservation Trust Land, SD--ND",1860
46250.0,"La Jolla Reservation, CA",1850
27534.0,"Lac Courte Oreilles Reservation and Off-Reservation Trust Land, WI",1815
32250.0,"Lac du Flambeau Reservation, WI",1825
25000.0,"Lac Vieux Desert Reservation, MI",1830
33542.0,"Laguna Pueblo and Off-Reservation Trust Land, NM",1840
44656.0,"L'Anse Reservation and Off-Reservation Trust Land, MI",1880
38750.0,"Laytonville Rancheria, CA",1925
26667.0,"Lone Pine Reservation, CA",1970
43641.0,"Leech Lake Reservation and Off-Reservation Trust Land, MN",1940
-666666666.0,"Los Coyotes Reservation, CA",1995
-666666666.0,"Likely Rancheria, CA",1955
-666666666.0,"Lookout Rancheria, CA",1980
-666666666.0,"Lytton Rancheria, CA",2075
-666666666.0,"Las Vegas Indian Colony, NV",1915
42500.0,"Little Traverse Bay Reservation and Off-Reservation Trust Land, MI",1963
29000.0,"Little River Reservation and Off-Reservation Trust Land, MI",1960
9107.0,"Lovelock Indian Colony, NV",2015
51875.0,"Lower Sioux Indian Community, MN",2055
37500.0,"Makah Indian Reservation, WA",2085
50747.0,"Lummi Reservation, WA",2070
35500.0,"Lower Brule Reservation and Off-Reservation Trust Land, SD",2030
28068.0,"Lower Elwha Reservation and Off-Reservation Trust Land, WA",2040
-666666666.0,"Match-e-be-nash-she-wish Band of Pottawatomi Reservation, MI",2150
125625.0,"Mashantucket Pequot Reservation, CT",2145
33836.0,"Menominee Reservation, WI",2175
53750.0,"Manzanita Reservation and Off-Reservation Trust Land, CA",2115
42813.0,"Manchester-Point Arena Rancheria, CA",2100
21364.0,"Maricopa (Ak Chin) Indian Reservation and Off-Reservation Trust Land, AZ",2130
30625.0,"Mesa Grande Reservation, CA",2190
35313.0,"Mooretown Rancheria and Off-Reservation Trust Land, CA",2340
33623.0,"Mississippi Choctaw Reservation, MS",2300
27500.0,"Moapa River Indian Reservation, NV",2315
57629.0,"Morongo Reservation and Off-Reservation Trust Land, CA",2360
64655.0,"Mohegan Reservation and Off-Reservation Trust Land, CT",2320
49514.0,"Muckleshoot Reservation and Off-Reservation Trust Land, WA",2375
-666666666.0,"Montgomery Creek Rancheria, CA",2330
33702.0,"Mescalero Reservation, NM",2205
-666666666.0,"Middletown Rancheria, CA",2255
36892.0,"Mille Lacs Reservation and Off-Reservation Trust Land, MN",2270
-666666666.0,"Minnesota Chippewa Trust Land, MN",2285
68280.0,"Oneida (WI) Reservation and Off-Reservation Trust Land, WI",2560
-666666666.0,"Ontonagon Reservation, MI",2580
47740.0,"Omaha Reservation, NE--IA",2550
47683.0,"Osage Reservation, OK",2595
-666666666.0,"Oil Springs Reservation, NY",2535
-666666666.0,"Narragansett Reservation, RI",2415
26862.0,"Navajo Nation Reservation and Off-Reservation Trust Land, AZ--NM--UT",2430
44479.0,"Nambe Pueblo and Off-Reservation Trust Land, NM",2400
43846.0,"Nooksack Reservation and Off-Reservation Trust Land, WA",2475
54250.0,"Nisqually Reservation, WA",2460
41423.0,"Nez Perce Reservation, ID",2445
92500.0,"Pala Reservation, CA",2635
-666666666.0,"Passamaquoddy Trust Land, ME",2695
35417.0,"Paiute (UT) Reservation, UT",2625
29079.0,"Picuris Pueblo, NM",2785
25481.0,"Penobscot Reservation and Off-Reservation Trust Land, ME",2760
70938.0,"Pechanga Reservation, CA",2745
83750.0,"Pauma and Yuima Reservation, CA",2715
-666666666.0,"Pit River Trust Land, CA",2835
20179.0,"Poarch Creek Reservation and Off-Reservation Trust Land, AL--FL",2865
35625.0,"Pinoleville Rancheria, CA",2820
26429.0,"Pleasant Point Reservation, ME",2850
103750.0,"Prairie Island Indian Community and Off-Reservation Trust Land, MN",2985
63306.0,"Port Madison Reservation, WA",2925
38929.0,"Port Gamble Reservation and Off-Reservation Trust Land, WA",2910
-666666666.0,"Miccosukee Reservation and Off-Reservation Trust Land, FL",2240
-666666666.0,"Oneida Nation Reservation, NY",2555
-666666666.0,"Onondaga Nation Reservation, NY",2570
32389.0,"Ohkay Owingeh, NM",2510
-666666666.0,"Northwestern Shoshone Reservation, UT",2505
41824.0,"Northern Cheyenne Indian Reservation and Off-Reservation Trust Land, MT--SD",2490
26875.0,"North Fork Rancheria and Off-Reservation Trust Land, CA",2495
-666666666.0,"Paskenta Rancheria, CA",2685
28561.0,"Pascua Pueblo Yaqui Reservation and Off-Reservation Trust Land, AZ",2680
37083.0,"Picayune Rancheria and Off-Reservation Trust Land, CA",2775
32197.0,"Pine Ridge Reservation, SD--NE",2810
32143.0,"Pokagon Reservation and Off-Reservation Trust Land, MI",2890
-666666666.0,"Ponca (NE) Trust Land, NE--IA",2900
55673.0,"Prairie Band of Potawatomi Nation Reservation, KS",2980
50887.0,"Pueblo of Pojoaque and Off-Reservation Trust Land, NM",2990
75833.0,"Redding Rancheria, CA",3095
70355.0,"Puyallup Reservation and Off-Reservation Trust Land, WA",3000
36250.0,"Quileute Reservation, WA",3030
43967.0,"Red Cliff Reservation and Off-Reservation Trust Land, WI",3085
35227.0,"Quinault Reservation, WA",3040
-666666666.0,"Ramona Village, CA",3070
-666666666.0,"Resighini Rancheria, CA",3145
-666666666.0,"Roaring Creek Rancheria, CA",3185
34717.0,"Red Lake Reservation, MN",3100
32500.0,"Robinson Rancheria and Off-Reservation Trust Land, CA",3195
38786.0,"Sandia Pueblo, NM",3370
31757.0,"San Carlos Reservation, AZ",3355
35129.0,"Salt River Reservation, AZ",3340
51563.0,"Sac and Fox Nation Reservation and Off-Reservation Trust Land, NE--KS",3285
31800.0,"Pyramid Lake Paiute Reservation, NV",3010
41250.0,"Quartz Valley Reservation and Off-Reservation Trust Land, CA",3020
45893.0,"Redwood Valley Rancheria, CA",3115
31912.0,"Reno-Sparks Indian Colony, NV",3130
56250.0,"Rincon Reservation and Off-Reservation Trust Land, CA",3165
28750.0,"Saint Croix Reservation and Off-Reservation Trust Land, WI",3305
40331.0,"Saint Regis Mohawk Reservation, NY",3320
24611.0,"Rosebud Indian Reservation and Off-Reservation Trust Land, SD",3235
-666666666.0,"Rumsey Indian Rancheria, CA",3265
30288.0,"Rocky Boy's Reservation and Off-Reservation Trust Land, MT",3205
38125.0,"Round Valley Reservation and Off-Reservation Trust Land, CA",3250
38750.0,"Rohnerville Rancheria, CA",3220
53400.0,"San Felipe Pueblo, NM",3400
49688.0,"Santa Ana Pueblo, NM",3480
48958.0,"San Pasqual Reservation, CA",3460
53125.0,"Santa Ynez Reservation, CA",3540
35893.0,"Santee Reservation, NE",3565
27143.0,"Santa Ysabel Reservation, CA",3550
26667.0,"Santa Rosa Reservation, CA",3525
52292.0,"Santa Rosa Rancheria, CA",3520
34531.0,"Santo Domingo Pueblo, NM",3585
64000.0,"Shakopee Mdewakanton Sioux Community and Off-Reservation Trust Land, MN",3680
58438.0,"Sauk-Suiattle Reservation, WA",3625
33661.0,"Siletz Reservation and Off-Reservation Trust Land, OR",3795
43125.0,"Skokomish Reservation, WA",3825
32321.0,"Smith River Reservation and Off-Reservation Trust Land, CA",3855
48594.0,"Sac and Fox/Meskwaki Settlement and Off-Reservation Trust Land, IA",3280
49868.0,"San Ildefonso Pueblo and Off-Reservation Trust Land, NM",3415
-666666666.0,"San Manuel Reservation and Off-Reservation Trust Land, CA",3445
34779.0,"Santa Clara Pueblo and Off-Reservation Trust Land, NM",3495
22887.0,"Sault Sainte Marie Reservation and Off-Reservation Trust Land, MI",3635
-666666666.0,"Seminole (FL) Trust Land, FL",3665
39063.0,"Shoalwater Bay Indian Reservation and Off-Reservation Trust Land, WA",3780
25313.0,"Sherwood Valley Rancheria and Off-Reservation Trust Land, CA",3735
80313.0,"Shingle Springs Rancheria and Off-Reservation Trust Land, CA",3750
23125.0,"Sokaogon Chippewa Community, WI",3885
-666666666.0,"Snoqualmie Reservation, WA",3860
46696.0,"Soboba Reservation and Off-Reservation Trust Land, CA",3870
-666666666.0,"Skull Valley Reservation, UT",3840
42188.0,"Squaxin Island Reservation and Off-Reservation Trust Land, WA",3955
-666666666.0,"Stewarts Point Rancheria, CA",3985
31875.0,"Spirit Lake Reservation, ND",3935
41250.0,"Stewart Community, NV",3980
60639.0,"Southern Ute Reservation, CO",3925
36406.0,"Standing Rock Reservation, SD--ND",3970
53333.0,"South Fork Reservation and Off-Reservation Trust Land, NV",3930
31923.0,"Stockbridge Munsee Community and Off-Reservation Trust Land, WI",4015
34250.0,"Spokane Reservation and Off-Reservation Trust Land, WA",3940
-666666666.0,"Stillaguamish Reservation and Off-Reservation Trust Land, WA",4000
33125.0,"Susanville Indian Rancheria and Off-Reservation Trust Land, CA",4060
23750.0,"Table Bluff Reservation, CA",4095
-666666666.0,"Summit Lake Reservation and Off-Reservation Trust Land, NV",4045
61570.0,"Swinomish Reservation and Off-Reservation Trust Land, WA",4075
104219.0,"Sycuan Reservation and Off-Reservation Trust Land, CA",4090
2499.0,"Sulphur Bank Rancheria, CA",4030
31967.0,"Taos Pueblo and Off-Reservation Trust Land, NM",4140
36917.0,"Tesuque Pueblo and Off-Reservation Trust Land, NM",4170
-666666666.0,"Table Mountain Rancheria, CA",4110
-666666666.0,"Tampa Reservation, FL",4130
21278.0,"Torres-Martinez Reservation, CA",4255
27202.0,"Tonawanda Reservation, NY",4225
33750.0,"Trinidad Rancheria and Off-Reservation Trust Land, CA",4275
39063.0,"Tule River Reservation and Off-Reservation Trust Land, CA",4300
-666666666.0,"Timbi-Sha Shoshone Reservation and Off-Reservation Trust Land, CA--NV",4180
31524.0,"Tohono O'odham Nation Reservation and Off-Reservation Trust Land, AZ",4200
74839.0,"Tulalip Reservation and Off-Reservation Trust Land, WA",4290
33438.0,"Tonto Apache Reservation and Off-Reservation Trust Land, AZ",4235
44107.0,"Tunica-Biloxi Reservation and Off-Reservation Trust Land, LA",4315
80625.0,"Tuolumne Rancheria, CA",4330
28839.0,"Tuscarora Nation Reservation, NY",4360
28688.0,"Turtle Mountain Reservation and Off-Reservation Trust Land, MT--ND--SD",4345
220000.0,"Twenty-Nine Palms Reservation and Off-Reservation Trust Land, CA",4375
62756.0,"Uintah and Ouray Reservation and Off-Reservation Trust Land, UT",4390
20294.0,"Ute Mountain Reservation and Off-Reservation Trust Land, CO--NM--UT",4470
33400.0,"Upper Skagit Reservation, WA",4455
48333.0,"Upper Lake Rancheria, CA",4430
53438.0,"Wells Colony, NV",4580
65179.0,"Wampanoag-Aquinnah Trust Land, MA",4530
26898.0,"Walker River Reservation, NV",4515
41691.0,"White Earth Reservation and Off-Reservation Trust Land, MN",4595
41218.0,"Warm Springs Reservation and Off-Reservation Trust Land, OR",4545
54250.0,"Wind River Reservation and Off-Reservation Trust Land, WY",4610
46985.0,"Winnebago Reservation and Off-Reservation Trust Land, NE--IA",4625
34375.0,"Woodfords Community, CA",4665
-666666666.0,"Yavapai-Prescott Reservation, AZ",4710
53393.0,"Yomba Reservation, NV",4740
27159.0,"Yurok Reservation, CA",4760
40871.0,"Yankton Reservation, SD",4700
33956.0,"Zuni Reservation and Off-Reservation Trust Land, NM--AZ",4785
27727.0,"Yavapai-Apache Nation Reservation, AZ",4708
41136.0,"Zia Pueblo and Off-Reservation Trust Land, NM",4770
22159.0,"Yerington Colony, NV",4725
-666666666.0,"Kahikinui Hawaiian Home Land, HI",5041
43500.0,"Upper Sioux Community and Off-Reservation Trust Land, MN",4445
54250.0,"Umatilla Reservation and Off-Reservation Trust Land, OR",4405
50194.0,"Washoe Ranches Trust Land, NV--CA",4560
95000.0,"Viejas Reservation and Off-Reservation Trust Land, CA",4500
15000.0,"Winnemucca Indian Colony, NV",4635
39583.0,"XL Ranch Rancheria, CA",4680
43322.0,"Yakama Nation Reservation and Off-Reservation Trust Land, WA",4690
47500.0,"Ysleta del Sur Pueblo and Off-Reservation Trust Land, TX",4755
-666666666.0,"Kickapoo (KS) Reservation/Sac and Fox Nation Trust Land joint-use area, KS",4910
-666666666.0,"San Felipe Pueblo/Santa Ana Pueblo joint-use area, NM",4930
-666666666.0,"San Felipe Pueblo/Santo Domingo Pueblo joint-use area, NM",4940
-666666666.0,"Hanapepe Hawaiian Home Land, HI",5011
-666666666.0,"Honokaia Hawaiian Home Land, HI",5026
58500.0,"Kalamaula Hawaiian Home Land, HI",5046
61750.0,"Kalaupapa Hawaiian Home Land, HI",5051
41875.0,"Kapaakea Hawaiian Home Land, HI",5076
-666666666.0,"Kamaoa-Puueo Hawaiian Home Land, HI",5056
41250.0,"Kamoku-Kapulena Hawaiian Home Land, HI",5066
-666666666.0,"Kapaa Hawaiian Home Land, HI",5071
-666666666.0,"Kapolei Hawaiian Home Land, HI",5083
73125.0,"Kaumana Hawaiian Home Land, HI",5086
71250.0,"Kawaihae Hawaiian Home Land, HI",5091
107115.0,"Kaupea Hawaiian Home Land, HI",5088
40729.0,"Kamiloloa-Makakupaia Hawaiian Home Land, HI",5061
65192.0,"Anahola (Residential) Hawaiian Home Land, HI",5004
-666666666.0,"Kalaeloa Hawaiian Home Land, HI",5044
120625.0,"Kalawahine Hawaiian Home Land, HI",5053
-666666666.0,"East Kapolei Hawaiian Home Land, HI",5008
39063.0,"Anahola (Agricultural) Hawaiian Home Land, HI",5003
95000.0,"Kanehili Hawaiian Home Land, HI",5067
-666666666.0,"Homuula-Upper Piihonua Hawaiian Home Land, HI",5018
59551.0,"Kakaina-Kumuhau Hawaiian Home Land, HI",5043
-666666666.0,"Honokowai Hawaiian Home Land, HI",5029
-666666666.0,"Honomu Hawaiian Home Land, HI",5031
-666666666.0,"Kaohe-Olaa Hawaiian Home Land, HI",5069
-666666666.0,"Keahuolu Hawaiian Home Land, HI",5098
48250.0,"Hoolehua-Palaaau Hawaiian Home Land, HI",5033
-666666666.0,"Keoniki Hawaiian Home Land, HI",5116
-666666666.0,"Honolulu Makai Hawaiian Home Land, HI",5030
-666666666.0,"Haiku Hawaiian Home Land, HI",5009
75433.0,"Kealakehe Hawaiian Home Land, HI",5101
51563.0,"Keaukaha Hawaiian Home Land, HI",5106
65417.0,"Kekaha Hawaiian Home Land, HI",5111
107500.0,"Lalamilo Hawaiian Home Land, HI",5133
-666666666.0,"Lualualei Hawaiian Home Land, HI",5136
40625.0,"Makuu Hawaiian Home Land, HI",5146
-666666666.0,"Moloaa Hawaiian Home Land, HI",5156
77431.0,"Nanakuli Hawaiian Home Land, HI",5161
-666666666.0,"Nienie Hawaiian Home Land, HI",5166
-666666666.0,"Pauahi Hawaiian Home Land, HI",5181
80500.0,"Paukukalo Hawaiian Home Land, HI",5186
123571.0,"Lanai City Hawaiian Home Land, HI",5134
-666666666.0,"Keanae-Wailua Hawaiian Home Land, HI",5104
93500.0,"Princess Kahanu Estates Hawaiian Home Land, HI",5198
138125.0,"Kewalo Hawaiian Home Land, HI",5120
45391.0,"Panaewa (Residential) Hawaiian Home Land, HI",5177
91964.0,"Leialii Hawaiian Home Land, HI",5135
-666666666.0,"Pulehunui Hawaiian Home Land, HI",5199
63750.0,"Piihonua Hawaiian Home Land, HI",5193
-666666666.0,"Maili Hawaiian Home Land, HI",5138
95375.0,"Maluohai Hawaiian Home Land, HI",5148
53300.0,"Keokea (Agricultural) Hawaiian Home Land, HI",5114
76250.0,"Pearl City Hawaiian Home Land, HI",5188
-666666666.0,"Ponohawaii Hawaiian Home Land, HI",5196
102500.0,"Papakolea Hawaiian Home Land, HI",5179
-666666666.0,"Makaha Valley Hawaiian Home Land, HI",5139
-666666666.0,"Kolaoa Hawaiian Home Land, HI",5123
49792.0,"Panaewa (Agricultural) Hawaiian Home Land, HI",5176
-666666666.0,"Waimea Hawaiian Home Land, HI",5281
62250.0,"Puukapu Hawaiian Home Land, HI",5201
-666666666.0,"Ualapue Hawaiian Home Land, HI",5216
-666666666.0,"Waiakea Hawaiian Home Land, HI",5236
80156.0,"Waiehu Hawaiian Home Land, HI",5241
-666666666.0,"Wailau Hawaiian Home Land, HI",5251
77596.0,"Waimanalo Hawaiian Home Land, HI",5271
-666666666.0,"Waimanu Hawaiian Home Land, HI",5276
-666666666.0,"Upolu Hawaiian Home Land, HI",5222
83000.0,"Waiohuli (Residential) Hawaiian Home Land, HI",5286
64688.0,"Waianae Kai Hawaiian Home Land, HI",5239
-666666666.0,"Waiku-Hana Hawaiian Home Land, HI",5248
-666666666.0,"Wailua Hawaiian Home Land, HI",5256
-666666666.0,"South Maui Hawaiian Home Land, HI",5213
121250.0,"Waiahole Hawaiian Home Land, HI",5223
78438.0,"Waianae Hawaiian Home Land, HI",5238
-666666666.0,"Waiohinu Hawaiian Home Land, HI",5283
54821.0,"Eastern Shawnee OTSA, OK",5640
51812.0,"Creek OTSA, OK",5620
49838.0,"Iowa OTSA, OK",5670
60169.0,"Citizen Potawatomi Nation-Absentee Shawnee OTSA, OK",5600
48558.0,"Kaw OTSA, OK",5690
51175.0,"Caddo-Wichita-Delaware OTSA, OK",5540
48556.0,"Chickasaw OTSA, OK",5580
38811.0,"Choctaw OTSA, OK",5590
58977.0,"Cheyenne-Arapaho OTSA, OK",5560
44448.0,"Cherokee OTSA, OK",5550
48902.0,"United Houma Nation (state) SDTSA, LA",9960
42212.0,"Waccamaw Siouan (state) SDTSA, NC",9970
89688.0,"Waccamaw SDTSA, SC",9967
32333.0,"Upper South Carolina Pee Dee SDTSA, SC",9963
40928.0,"United Cherokee Ani-Yun-Wiya Nation SDTSA, AL",9950
52356.0,"Wassamasaw SDTSA, SC",9975
64691.0,"Nanticoke Indian Tribe (state) SDTSA, DE",9830
40810.0,"Lumbee (state) SDTSA, NC",9815
44994.0,"MaChis Lower Creek (state) SDTSA, AL",9820
30598.0,"Meherrin (state) SDTSA, NC",9825
48068.0,"Nanticoke Lenni Lenape (state) SDTSA, NJ",9835
90938.0,"Ramapough (state) SDTSA, NJ",9850
34229.0,"Star Muskogee Creek (state) SDTSA, AL",9880
35000.0,"Lenape Indian Tribe of Delaware SDTSA, DE",9800
34904.0,"Pee Dee SDTSA, SC",9844
27031.0,"Santee SDTSA, SC",9875
47778.0,"Sappony SDTSA, NC",9865
52602.0,"Occaneechi-Saponi SDTSA, NC",9838
57964.0,"Echota Cherokee (state) SDTSA, AL",9680
45764.0,"Four Winds Cherokee (state) SDTSA, LA",9720
31992.0,"Haliwa-Saponi (state) SDTSA, NC",9745
36750.0,"Clifton Choctaw (state) SDTSA, LA",9630
38795.0,"Coharie (state) SDTSA, NC",9635
75000.0,"Eastern Chickahominy (state) SDTSA, VA",9675
44375.0,"Deering ANVSA, AK",6400
-666666666.0,"Eklutna ANVSA, AK",6450
48750.0,"Eagle ANVSA, AK",6430
138750.0,"Eyak ANVSA, AK",6495
33750.0,"Eek ANVSA, AK",6440
76389.0,"Dillingham ANVSA, AK",6405
28750.0,"Ekwok ANVSA, AK",6460
-666666666.0,"Ekuk ANVSA, AK",6455
38750.0,"Dot Lake ANVSA, AK",6415
33750.0,"Evansville ANVSA, AK",6490
35000.0,"Egegik ANVSA, AK",6445
42813.0,"Emmonak ANVSA, AK",6480
18000.0,"Karluk ANVSA, AK",6700
34318.0,"Kipnuk ANVSA, AK",6750
43125.0,"Kiana ANVSA, AK",6730
68383.0,"Kenaitze ANVSA, AK",6720
52500.0,"Kobuk ANVSA, AK",6790
50000.0,"Kasaan ANVSA, AK",6705
45750.0,"Klawock ANVSA, AK",6765
43500.0,"Kasigluk ANVSA, AK",6710
74526.0,"Knik ANVSA, AK",6785
48750.0,"Kivalina ANVSA, AK",6755
66923.0,"King Cove ANVSA, AK",6735
60000.0,"Copper Center ANVSA, AK",6365
16806.0,"Circle ANVSA, AK",6350
40536.0,"Chitina ANVSA, AK",6330
38750.0,"Chuathbaluk ANVSA, AK",6335
31250.0,"Crooked Creek ANVSA, AK",6390
-666666666.0,"Council ANVSA, AK",6380
-666666666.0,"Chistochina ANVSA, AK",6325
39688.0,"Chilkoot ANVSA, AK",6315
30000.0,"Chignik Lake ANVSA, AK",6305
86250.0,"Chignik Lagoon ANVSA, AK",6300
63935.0,"Craig ANVSA, AK",6385
-666666666.0,"Chulloonawick ANVSA, AK",6340
41250.0,"Chilkat ANVSA, AK",6310
31250.0,"Hydaburg ANVSA, AK",6615
-666666666.0,"Ivanof Bay ANVSA, AK",6650
46250.0,"Kwigillingok ANVSA, AK",6840
36250.0,"Larsen Bay ANVSA, AK",6855
44375.0,"Kwethluk ANVSA, AK",6835
32679.0,"Lower Kalskag ANVSA, AK",6890
41250.0,"Kongiganak ANVSA, AK",6810
36429.0,"Koyuk ANVSA, AK",6825
-666666666.0,"Lime Village ANVSA, AK",6875
41250.0,"Kokhanok ANVSA, AK",6800
88047.0,"Kotzebue ANVSA, AK",6820
41667.0,"Kotlik ANVSA, AK",6815
51875.0,"McGrath ANVSA, AK",6895
15417.0,"Koyukuk ANVSA, AK",6830
25000.0,"Levelock ANVSA, AK",6865
38393.0,"Kwinhagak ANVSA, AK",6845
60160.0,"Ninilchik ANVSA, AK",7080
36250.0,"Newhalen ANVSA, AK",7035
43750.0,"Newtok ANVSA, AK",7055
43750.0,"New Stuyahok ANVSA, AK",7050
-666666666.0,"Napaimute ANVSA, AK",7005
50000.0,"Noatak ANVSA, AK",7085
38750.0,"Nenana ANVSA, AK",7030
37500.0,"Nikolski ANVSA, AK",7075
75625.0,"Nelson Lagoon ANVSA, AK",7025
32000.0,"Napaskiak ANVSA, AK",7020
45000.0,"Nightmute ANVSA, AK",7065
53750.0,"New Koliganek ANVSA, AK",7040
28929.0,"Napakiak ANVSA, AK",7010
35417.0,"Nikolai ANVSA, AK",7070
30750.0,"Marshall ANVSA, AK",6910
40000.0,"Manokotak ANVSA, AK",6905
35893.0,"Mountain Village ANVSA, AK",6975
68333.0,"Naknek ANVSA, AK",6990
-666666666.0,"Mary's Igloo ANVSA, AK",6915
34583.0,"Mentasta Lake ANVSA, AK",6945
38125.0,"Minto ANVSA, AK",6965
31250.0,"Mekoryuk ANVSA, AK",6935
55833.0,"Manley Hot Springs ANVSA, AK",6900
43750.0,"Nanwalek ANVSA, AK",6995
29063.0,"Old Harbor ANVSA, AK",7150
38438.0,"Ouzinkie ANVSA, AK",7180
82813.0,"Nuiqsut ANVSA, AK",7125
38750.0,"Nondalton ANVSA, AK",7100
-666666666.0,"Ohogamiut ANVSA, AK",7145
-666666666.0,"Paimiut ANVSA, AK",7185
36964.0,"Nunapitchuk ANVSA, AK",7135
30000.0,"Oscarville ANVSA, AK",7175
48750.0,"Noorvik ANVSA, AK",7110
38750.0,"Nunam Iqua ANVSA, AK",7133
38333.0,"Nulato ANVSA, AK",7130
-666666666.0,"Northway ANVSA, AK",7115
22083.0,"Goodnews Bay ANVSA, AK",6545
30625.0,"Gulkana ANVSA, AK",6560
78750.0,"False Pass ANVSA, AK",6500
50000.0,"Golovin ANVSA, AK",6540
60625.0,"Hoonah ANVSA, AK",6590
-666666666.0,"Gakona ANVSA, AK",6520
-666666666.0,"Hamilton ANVSA, AK",6570
28281.0,"Fort Yukon ANVSA, AK",6515
25000.0,"Grayling ANVSA, AK",6550
30972.0,"Hooper Bay ANVSA, AK",6595
33125.0,"Holy Cross ANVSA, AK",6585
-666666666.0,"Georgetown ANVSA, AK",6535
74375.0,"Galena ANVSA, AK",6525
34792.0,"Gambell ANVSA, AK",6530
-666666666.0,"Healy Lake ANVSA, AK",6575
28750.0,"Chalkyitsik ANVSA, AK",6265
48750.0,"Chignik ANVSA, AK",6295
33750.0,"Brevig Mission ANVSA, AK",6240
83750.0,"Chenega ANVSA, AK",6280
53750.0,"Chefornak ANVSA, AK",6275
76013.0,"Chickaloon ANVSA, AK",6290
-666666666.0,"Birch Creek ANVSA, AK",6235
-666666666.0,"Bill Moore's ANVSA, AK",6225
58438.0,"Cantwell ANVSA, AK",6255
40855.0,"Chevak ANVSA, AK",6285
83438.0,"Bethel ANVSA, AK",6205
41932.0,"Buckland ANVSA, AK",6250
48750.0,"Igiugig ANVSA, AK",6620
60417.0,"Kaktovik ANVSA, AK",6680
40000.0,"Huslia ANVSA, AK",6610
23750.0,"Inalik ANVSA, AK",6630
38929.0,"Kalskag ANVSA, AK",6685
93750.0,"Iliamna ANVSA, AK",6625
52500.0,"Kake ANVSA, AK",6670
34375.0,"Hughes ANVSA, AK",6605
27500.0,"Kaltag ANVSA, AK",6690
-666666666.0,"Stevens Village ANVSA, AK",7520
33750.0,"Teller ANVSA, AK",7570
-666666666.0,"Solomon ANVSA, AK",7500
37679.0,"Stebbins ANVSA, AK",7510
21500.0,"Tanacross ANVSA, AK",7535
47778.0,"Tanana ANVSA, AK",7540
-666666666.0,"Tatitlek ANVSA, AK",7555
-666666666.0,"Telida ANVSA, AK",7565
62083.0,"Tazlina ANVSA, AK",7560
23750.0,"Takotna ANVSA, AK",7530
-666666666.0,"Stony River ANVSA, AK",7525
-666666666.0,"South Naknek ANVSA, AK",7505
42813.0,"St. Michael ANVSA, AK",7375
33542.0,"Russian Mission ANVSA, AK",7315
50625.0,"Rampart ANVSA, AK",7300
56250.0,"St. George ANVSA, AK",7340
63571.0,"St. Paul ANVSA, AK",7390
27500.0,"Ruby ANVSA, AK",7310
53750.0,"Red Devil ANVSA, AK",7305
-666666666.0,"Portage Creek ANVSA, AK",7260
40417.0,"Perryville ANVSA, AK",7215
47083.0,"Port Heiden ANVSA, AK",7270
58750.0,"Point Lay ANVSA, AK",7255
29500.0,"Port Graham ANVSA, AK",7265
53750.0,"Pedro Bay ANVSA, AK",7205
28214.0,"Pilot Station ANVSA, AK",7230
32917.0,"Port Lions ANVSA, AK",7275
36250.0,"Pilot Point ANVSA, AK",7225
49375.0,"Pitkas Point ANVSA, AK",7235
-666666666.0,"Platinum ANVSA, AK",7245
60417.0,"Point Hope ANVSA, AK",7250
56875.0,"Shaktoolik ANVSA, AK",7450
37708.0,"Savoonga ANVSA, AK",7415
39688.0,"Shungnak ANVSA, AK",7470
60000.0,"Salamatof ANVSA, AK",7400
67917.0,"Sand Point ANVSA, AK",7410
34583.0,"Shishmaref ANVSA, AK",7465
46250.0,"Sleetmute ANVSA, AK",7495
35625.0,"Selawik ANVSA, AK",7430
30833.0,"Scammon Bay ANVSA, AK",7425
59688.0,"Seldovia ANVSA, AK",7435
40000.0,"Saxman ANVSA, AK",7420
12813.0,"Shageluk ANVSA, AK",7440
-666666666.0,"Ione Band of Miwok TDSA, CA",8300
62431.0,"Cayuga Nation TDSA, NY",8100
41539.0,"Cher-O-Creek SDTSA, AL",9550
88106.0,"Douglas ANVSA, AK",6420
39375.0,"Elim ANVSA, AK",6470
85000.0,"King Salmon ANVSA, AK",6740
67665.0,"Ketchikan ANVSA, AK",6725
-666666666.0,"Kodiak ANVSA, AK",6795
-666666666.0,"Clarks Point ANVSA, AK",6360
-666666666.0,"Lake Minchumina ANVSA, AK",6850
-666666666.0,"Lesnoi ANVSA, AK",6860
82826.0,"Nome ANVSA, AK",7095
-666666666.0,"Canyon Village ANVSA, AK",6257
28125.0,"Tetlin ANVSA, AK",7580
86667.0,"Port Alsworth ANVSA, AK",7263
63098.0,"Petersburg ANVSA, AK",7220
70673.0,"Skagway ANVSA, AK",7485
61394.0,"Sitka ANVSA, AK",7475
-666666666.0,"Mattaponi Reservation (state), VA",9230
13500.0,"MOWA Choctaw Reservation (state), AL",9240
31000.0,"Pamunkey Reservation (state), VA",9260
68750.0,"Paucatuck Eastern Pequot Reservation (state), CT",9280
37917.0,"Tama Reservation (state), GA",9400
31108.0,"Adais Caddo (state) SDTSA, LA",9510
33228.0,"Apache Choctaw (state) SDTSA, LA",9515
40771.0,"Cherokee Tribe of Northeast Alabama (state) SDTSA, AL",9560
58017.0,"Chickahominy (state) SDTSA, VA",9580
28611.0,"Beaver Creek SDTSA, SC",9525
24531.0,"Tuluksak ANVSA, AK",7630
65208.0,"Unalakleet ANVSA, AK",7690
35000.0,"Tuntutuliak ANVSA, AK",7640
51875.0,"Toksook Bay ANVSA, AK",7625
35000.0,"Tununak ANVSA, AK",7645
41250.0,"Togiak ANVSA, AK",7605
37375.0,"Tyonek ANVSA, AK",7655
91635.0,"Unalaska ANVSA, AK",7695
29167.0,"Twin Hills ANVSA, AK",7650
-666666666.0,"Ugashik ANVSA, AK",7665
31250.0,"Wales ANVSA, AK",7740
64583.0,"Yakutat ANVSA, AK",7765
38125.0,"White Mountain ANVSA, AK",7745
71250.0,"Wainwright ANVSA, AK",7735
46944.0,"Mechoopda TDSA, CA",8450
63007.0,"Samish TDSA, WA",8750
-666666666.0,"Belkofski ANVSA, AK",6195
55000.0,"Atka ANVSA, AK",6150
23125.0,"Atmautluak ANVSA, AK",6160
61250.0,"Atqasuk ANVSA, AK",6165
35208.0,"Arctic Village ANVSA, AK",6140
20000.0,"Beaver ANVSA, AK",6190
82964.0,"Barrow ANVSA, AK",6175
57917.0,"Aniak ANVSA, AK",6105
34375.0,"Angoon ANVSA, AK",6100
35625.0,"Anvik ANVSA, AK",6125
55313.0,"Miami OTSA, OK",5730
46296.0,"Pawnee OTSA, OK",5780
47156.0,"Kiowa-Comanche-Apache-Fort Sill Apache OTSA, OK",5720
49594.0,"Otoe-Missouria OTSA, OK",5760
31342.0,"Ottawa OTSA, OK",5770
43690.0,"Kickapoo OTSA, OK",5700
36250.0,"Modoc OTSA, OK",5740
45179.0,"Peoria OTSA, OK",5795
32546.0,"Kiowa-Comanche-Apache-Ft Sill Apache/Caddo-Wichita-Delaware joint-use OTSA, OK",5955
-666666666.0,"Hassanamisco Reservation (state), MA",9150
-666666666.0,"Golden Hill Paugussett (state) Reservation, CT",9100
33750.0,"Poospatuck Reservation (state), NY",9300
-666666666.0,"Schaghticoke Reservation (state), CT",9350
-666666666.0,"Shinnecock Reservation (state), NY",9370
24063.0,"Venetie ANVSA, AK",7725
52639.0,"Wrangell ANVSA, AK",7755
40104.0,"Creek/Seminole joint-use OTSA, OK",5915
44502.0,"Kaw/Ponca joint-use OTSA, OK",5950
32098.0,"Miami/Peoria joint-use OTSA, OK",5970
37768.0,"Wyandotte OTSA, OK",5890
45571.0,"Tonkawa OTSA, OK",5860
37523.0,"Seminole OTSA, OK",5830
40859.0,"Ponca OTSA, OK",5800
36500.0,"Seneca-Cayuga OTSA, OK",5835
44066.0,"Sac and Fox OTSA, OK",5820
35239.0,"Quapaw OTSA, OK",5810
-666666666.0,"Alatna ANVSA, AK",6040
34444.0,"Akiachak ANVSA, AK",6020
56667.0,"Anaktuvuk Pass ANVSA, AK",6080
44500.0,"Ambler ANVSA, AK",6075
26000.0,"Akutan ANVSA, AK",6030
27500.0,"Akhiok ANVSA, AK",6015
41250.0,"Akiak ANVSA, AK",6025
27250.0,"Allakaket ANVSA, AK",6070
58750.0,"Andreafsky ANVSA, AK",6095
33750.0,"Alakanuk ANVSA, AK",6035
42083.0,"Aleknagik ANVSA, AK",6045
40875.0,"Algaaciq ANVSA, AK",6065
