B19013I_001E,name,american indian area/alaska native area/hawaiian home land
-666666666.0,"Augustine Reservation, CA",0125
92500.0,"Barona Reservation, CA",0155
-666666666.0,"Benton Paiute Reservation and Off-Reservation Trust Land, CA",0185
-666666666.0,"Auburn Rancheria and Off-Reservation Trust Land, CA",0120
-666666666.0,"Aroostook Band of Micmac Trust Land, ME",0115
114375.0,"Battle Mountain Reservation and Off-Reservation Trust Land, NV",0165
-666666666.0,"Big Cypress Reservation, FL",0225
33750.0,"Bishop Reservation, CA",0290
-666666666.0,"Big Valley Rancheria, CA",0275
-666666666.0,"Berry Creek Rancheria and Off-Reservation Trust Land, CA",0200
-666666666.0,"Big Sandy Rancheria and Off-Reservation Trust Land, CA",0265
-666666666.0,"Capitan Grande Reservation, CA",0495
48125.0,"Big Pine Reservation, CA",0250
70227.0,"Bad River Reservation, WI",0140
-666666666.0,"Big Lagoon Rancheria, CA",0240
182708.0,"Annette Island Reserve, AK",0110
17083.0,"Bay Mills Reservation and Off-Reservation Trust Land, MI",0170
-666666666.0,"Bridgeport Reservation, CA",0350
-666666666.0,"Big Bend Rancheria, CA",0215
-666666666.0,"Brighton Reservation, FL",0360
-666666666.0,"Blackfeet Indian Reservation and Off-Reservation Trust Land, MT",0305
-666666666.0,"Blue Lake Rancheria and Off-Reservation Trust Land, CA",0325
-666666666.0,"Bois Forte Reservation and Off-Reservation Trust Land, MN",0335
-666666666.0,"Burns Paiute Indian Colony and Off-Reservation Trust Land, OR",0400
-666666666.0,"Campo Indian Reservation, CA",0450
-666666666.0,"Cahuilla Reservation, CA",0435
32778.0,"Allegany Reservation, NY",0080
-666666666.0,"Carson Colony, NV",0510
28333.0,"Campbell Ranch, NV",0440
27083.0,"Cabazon Reservation, CA",0415
40862.0,"Agua Caliente Indian Reservation and Off-Reservation Trust Land, CA",0020
26250.0,"Alabama-Coushatta Reservation and Off-Reservation Trust Land, TX",0050
-666666666.0,"Alturas Indian Rancheria, CA",0095
-666666666.0,"Acoma Pueblo and Off-Reservation Trust Land, NM",0010
-666666666.0,"Catawba Reservation, SC",0525
-666666666.0,"Cedarville Rancheria and Off-Reservation Trust Land, CA",0555
-666666666.0,"Celilo Village Trust Land, OR",0560
-666666666.0,"Cattaraugus Reservation, NY",0540
73750.0,"Chehalis Reservation and Off-Reservation Trust Land, WA",0575
-666666666.0,"Chitimacha Reservation, LA",0635
-666666666.0,"Cheyenne River Reservation and Off-Reservation Trust Land, SD",0605
38125.0,"Cocopah Reservation, AZ",0695
-666666666.0,"Cold Springs Rancheria, CA",0720
-666666666.0,"Colusa Rancheria, CA",0750
-666666666.0,"Coquille Reservation, OR",0775
39375.0,"Chemehuevi Reservation, CA",0585
-666666666.0,"Chicken Ranch Rancheria and Off-Reservation Trust Land, CA",0620
45938.0,"Pueblo de Cochiti, NM",0680
-666666666.0,"Coconut Creek Trust Land, FL",0690
32292.0,"Colorado River Indian Reservation, AZ--CA",0735
-666666666.0,"Cortina Indian Rancheria, CA",0780
-666666666.0,"Coushatta Reservation and Off-Reservation Trust Land, LA",0795
-666666666.0,"Coos, Lower Umpqua, and Siuslaw Reservation and Off-Reservation Trust Land, OR",0770
47614.0,"Colville Reservation and Off-Reservation Trust Land, WA",0760
47222.0,"Coeur d'Alene Reservation, ID",0705
-666666666.0,"Crow Creek Reservation, SD",0855
-666666666.0,"Crow Reservation and Off-Reservation Trust Land, MT",0845
-666666666.0,"Coyote Valley Reservation, CA",0825
-666666666.0,"Duckwater Reservation, NV",0975
-666666666.0,"Duck Valley Reservation, NV--ID",0965
-666666666.0,"Eastern Cherokee Reservation, NC",0990
73750.0,"Dresslerville Colony, NV",0940
-666666666.0,"Fond du Lac Reservation and Off-Reservation Trust Land, MN--WI",1125
37788.0,"Flathead Reservation, MT",1110
30625.0,"Fort Hall Reservation and Off-Reservation Trust Land, ID",1185
-666666666.0,"Forest County Potawatomi Community and Off-Reservation Trust Land, WI",1135
-666666666.0,"Fort Belknap Reservation and Off-Reservation Trust Land, MT",1150
-666666666.0,"Fort Independence Reservation, CA",1195
-666666666.0,"Flandreau Reservation, SD",1100
66094.0,"Fort Berthold Reservation, ND",1160
-666666666.0,"Ely Reservation, NV",1040
113750.0,"Elko Colony, NV",1005
35000.0,"Fallon Paiute-Shoshone Reservation and Off-Reservation Trust Land, NV",1075
-666666666.0,"Enterprise Rancheria, CA",1055
-666666666.0,"Fort Pierce Reservation, FL",1260
40000.0,"Fort Mojave Reservation and Off-Reservation Trust Land, AZ--CA--NV",1235
-666666666.0,"Grindstone Indian Rancheria, CA",1395
-666666666.0,"Cow Creek Reservation and Off-Reservation Trust Land, OR",0815
-666666666.0,"Cowlitz Reservation, WA",0820
-666666666.0,"Dry Creek Rancheria and Off-Reservation Trust Land, CA",0955
-666666666.0,"Fort Bidwell Reservation and Off-Reservation Trust Land, CA",1170
-666666666.0,"Fort Apache Reservation, AZ",1140
-666666666.0,"Fallon Paiute-Shoshone Colony and Off-Reservation Trust Land, NV",1070
-666666666.0,"Elk Valley Rancheria and Off-Reservation Trust Land, CA",1010
-666666666.0,"Ewiiaapaayp Reservation, CA",1065
-666666666.0,"Fort McDermitt Indian Reservation, NV--OR",1210
-666666666.0,"Fort McDowell Yavapai Nation Reservation, AZ",1220
-666666666.0,"Fort Peck Indian Reservation and Off-Reservation Trust Land, MT",1250
20417.0,"Fort Yuma Indian Reservation, CA--AZ",1280
-666666666.0,"Fort Sill Apache Indian Reservation, NM",1270
16944.0,"Gila River Indian Reservation, AZ",1310
-666666666.0,"Grand Ronde Community, OR",1365
-666666666.0,"Grand Portage Reservation and Off-Reservation Trust Land, MN",1355
-666666666.0,"Greenville Rancheria, CA",1380
-666666666.0,"Goshute Reservation, NV--UT",1340
39286.0,"Grand Traverse Reservation and Off-Reservation Trust Land, MI",1370
-666666666.0,"Havasupai Reservation, AZ",1440
38750.0,"Hollywood Reservation, FL",1475
-666666666.0,"Hoopa Valley Reservation, CA",1490
-666666666.0,"Guidiville Rancheria and Off-Reservation Trust Land, CA",1400
-666666666.0,"Hopi Reservation and Off-Reservation Trust Land, AZ",1505
250001.0,"Hopland Rancheria, CA",1515
-666666666.0,"Hannahville Indian Community and Off-Reservation Trust Land, MI",1410
38750.0,"Ho-Chunk Nation Reservation and Off-Reservation Trust Land, WI--MN",1450
-666666666.0,"Hoh Indian Reservation and Off-Reservation Trust Land, WA",1460
-666666666.0,"Hualapai Indian Reservation and Off-Reservation Trust Land, AZ",1545
-666666666.0,"Iowa (KS-NE) Reservation and Off-Reservation Trust Land, KS--NE",1590
-666666666.0,"Huron Potawatomi Reservation and Off-Reservation Trust Land, MI",1550
-666666666.0,"Houlton Maliseet Reservation and Off-Reservation Trust Land, ME",1530
-666666666.0,"Immokalee Reservation, FL",1555
-666666666.0,"Indian Township Reservation, ME",1575
-666666666.0,"Inaja and Cosmit Reservation, CA",1560
-666666666.0,"Jamestown S'Klallam Reservation and Off-Reservation Trust Land, WA",1655
-666666666.0,"Jemez Pueblo, NM",1685
-666666666.0,"Jamul Indian Village, CA",1670
-666666666.0,"Jackson Rancheria, CA",1640
45417.0,"Isleta Pueblo, NM",1625
-666666666.0,"Kickapoo (TX) Reservation, TX",1775
-666666666.0,"Klamath Reservation, OR",1785
47857.0,"Kickapoo (KS) Reservation, KS",1770
30938.0,"Karuk Reservation and Off-Reservation Trust Land, CA",1750
-666666666.0,"La Posta Indian Reservation, CA",1895
46065.0,"Isabella Reservation, MI",1610
-666666666.0,"Jena Band of Choctaw Reservation, LA",1690
-666666666.0,"Kaibab Indian Reservation, AZ",1720
-666666666.0,"Kalispel Reservation and Off-Reservation Trust Land, WA",1735
44000.0,"Jicarilla Apache Nation Reservation and Off-Reservation Trust Land, NM",1700
-666666666.0,"Kootenai Reservation and Off-Reservation Trust Land, ID",1800
53750.0,"Lake Traverse Reservation and Off-Reservation Trust Land, SD--ND",1860
71250.0,"La Jolla Reservation, CA",1850
-666666666.0,"Lac Courte Oreilles Reservation and Off-Reservation Trust Land, WI",1815
-666666666.0,"Lac du Flambeau Reservation, WI",1825
-666666666.0,"Lac Vieux Desert Reservation, MI",1830
-666666666.0,"Laguna Pueblo and Off-Reservation Trust Land, NM",1840
-666666666.0,"L'Anse Reservation and Off-Reservation Trust Land, MI",1880
-666666666.0,"Laytonville Rancheria, CA",1925
-666666666.0,"Lone Pine Reservation, CA",1970
41250.0,"Leech Lake Reservation and Off-Reservation Trust Land, MN",1940
-666666666.0,"Los Coyotes Reservation, CA",1995
-666666666.0,"Likely Rancheria, CA",1955
-666666666.0,"Lookout Rancheria, CA",1980
-666666666.0,"Lytton Rancheria, CA",2075
-666666666.0,"Las Vegas Indian Colony, NV",1915
-666666666.0,"Little Traverse Bay Reservation and Off-Reservation Trust Land, MI",1963
-666666666.0,"Little River Reservation and Off-Reservation Trust Land, MI",1960
-666666666.0,"Lovelock Indian Colony, NV",2015
-666666666.0,"Lower Sioux Indian Community, MN",2055
-666666666.0,"Makah Indian Reservation, WA",2085
42788.0,"Lummi Reservation, WA",2070
-666666666.0,"Lower Brule Reservation and Off-Reservation Trust Land, SD",2030
24167.0,"Lower Elwha Reservation and Off-Reservation Trust Land, WA",2040
-666666666.0,"Match-e-be-nash-she-wish Band of Pottawatomi Reservation, MI",2150
-666666666.0,"Mashantucket Pequot Reservation, CT",2145
-666666666.0,"Menominee Reservation, WI",2175
-666666666.0,"Manzanita Reservation and Off-Reservation Trust Land, CA",2115
41250.0,"Manchester-Point Arena Rancheria, CA",2100
48750.0,"Maricopa (Ak Chin) Indian Reservation and Off-Reservation Trust Land, AZ",2130
-666666666.0,"Mesa Grande Reservation, CA",2190
-666666666.0,"Mooretown Rancheria and Off-Reservation Trust Land, CA",2340
-666666666.0,"Mississippi Choctaw Reservation, MS",2300
23125.0,"Moapa River Indian Reservation, NV",2315
-666666666.0,"Morongo Reservation and Off-Reservation Trust Land, CA",2360
-666666666.0,"Mohegan Reservation and Off-Reservation Trust Land, CT",2320
49375.0,"Muckleshoot Reservation and Off-Reservation Trust Land, WA",2375
-666666666.0,"Montgomery Creek Rancheria, CA",2330
34375.0,"Mescalero Reservation, NM",2205
-666666666.0,"Middletown Rancheria, CA",2255
-666666666.0,"Mille Lacs Reservation and Off-Reservation Trust Land, MN",2270
-666666666.0,"Minnesota Chippewa Trust Land, MN",2285
45665.0,"Oneida (WI) Reservation and Off-Reservation Trust Land, WI",2560
-666666666.0,"Ontonagon Reservation, MI",2580
-666666666.0,"Omaha Reservation, NE--IA",2550
48224.0,"Osage Reservation, OK",2595
-666666666.0,"Oil Springs Reservation, NY",2535
-666666666.0,"Narragansett Reservation, RI",2415
30750.0,"Navajo Nation Reservation and Off-Reservation Trust Land, AZ--NM--UT",2430
49875.0,"Nambe Pueblo and Off-Reservation Trust Land, NM",2400
59375.0,"Nooksack Reservation and Off-Reservation Trust Land, WA",2475
-666666666.0,"Nisqually Reservation, WA",2460
63482.0,"Nez Perce Reservation, ID",2445
47708.0,"Pala Reservation, CA",2635
-666666666.0,"Passamaquoddy Trust Land, ME",2695
-666666666.0,"Paiute (UT) Reservation, UT",2625
28487.0,"Picuris Pueblo, NM",2785
2499.0,"Penobscot Reservation and Off-Reservation Trust Land, ME",2760
-666666666.0,"Pechanga Reservation, CA",2745
-666666666.0,"Pauma and Yuima Reservation, CA",2715
-666666666.0,"Pit River Trust Land, CA",2835
-666666666.0,"Poarch Creek Reservation and Off-Reservation Trust Land, AL--FL",2865
-666666666.0,"Pinoleville Rancheria, CA",2820
-666666666.0,"Pleasant Point Reservation, ME",2850
-666666666.0,"Prairie Island Indian Community and Off-Reservation Trust Land, MN",2985
54375.0,"Port Madison Reservation, WA",2925
-666666666.0,"Port Gamble Reservation and Off-Reservation Trust Land, WA",2910
-666666666.0,"Miccosukee Reservation and Off-Reservation Trust Land, FL",2240
-666666666.0,"Oneida Nation Reservation, NY",2555
-666666666.0,"Onondaga Nation Reservation, NY",2570
32311.0,"Ohkay Owingeh, NM",2510
-666666666.0,"Northwestern Shoshone Reservation, UT",2505
51250.0,"Northern Cheyenne Indian Reservation and Off-Reservation Trust Land, MT--SD",2490
-666666666.0,"North Fork Rancheria and Off-Reservation Trust Land, CA",2495
-666666666.0,"Paskenta Rancheria, CA",2685
25750.0,"Pascua Pueblo Yaqui Reservation and Off-Reservation Trust Land, AZ",2680
40938.0,"Picayune Rancheria and Off-Reservation Trust Land, CA",2775
48971.0,"Pine Ridge Reservation, SD--NE",2810
-666666666.0,"Pokagon Reservation and Off-Reservation Trust Land, MI",2890
-666666666.0,"Ponca (NE) Trust Land, NE--IA",2900
34375.0,"Prairie Band of Potawatomi Nation Reservation, KS",2980
48750.0,"Pueblo of Pojoaque and Off-Reservation Trust Land, NM",2990
-666666666.0,"Redding Rancheria, CA",3095
52266.0,"Puyallup Reservation and Off-Reservation Trust Land, WA",3000
-666666666.0,"Quileute Reservation, WA",3030
-666666666.0,"Red Cliff Reservation and Off-Reservation Trust Land, WI",3085
43750.0,"Quinault Reservation, WA",3040
-666666666.0,"Ramona Village, CA",3070
-666666666.0,"Resighini Rancheria, CA",3145
-666666666.0,"Roaring Creek Rancheria, CA",3185
-666666666.0,"Red Lake Reservation, MN",3100
-666666666.0,"Robinson Rancheria and Off-Reservation Trust Land, CA",3195
38370.0,"Sandia Pueblo, NM",3370
40500.0,"San Carlos Reservation, AZ",3355
-666666666.0,"Salt River Reservation, AZ",3340
-666666666.0,"Sac and Fox Nation Reservation and Off-Reservation Trust Land, NE--KS",3285
60938.0,"Pyramid Lake Paiute Reservation, NV",3010
-666666666.0,"Quartz Valley Reservation and Off-Reservation Trust Land, CA",3020
-666666666.0,"Redwood Valley Rancheria, CA",3115
26875.0,"Reno-Sparks Indian Colony, NV",3130
36875.0,"Rincon Reservation and Off-Reservation Trust Land, CA",3165
-666666666.0,"Saint Croix Reservation and Off-Reservation Trust Land, WI",3305
-666666666.0,"Saint Regis Mohawk Reservation, NY",3320
24375.0,"Rosebud Indian Reservation and Off-Reservation Trust Land, SD",3235
-666666666.0,"Rumsey Indian Rancheria, CA",3265
6875.0,"Rocky Boy's Reservation and Off-Reservation Trust Land, MT",3205
-666666666.0,"Round Valley Reservation and Off-Reservation Trust Land, CA",3250
-666666666.0,"Rohnerville Rancheria, CA",3220
43611.0,"San Felipe Pueblo, NM",3400
-666666666.0,"Santa Ana Pueblo, NM",3480
43750.0,"San Pasqual Reservation, CA",3460
42500.0,"Santa Ynez Reservation, CA",3540
-666666666.0,"Santee Reservation, NE",3565
-666666666.0,"Santa Ysabel Reservation, CA",3550
-666666666.0,"Santa Rosa Reservation, CA",3525
76250.0,"Santa Rosa Rancheria, CA",3520
47813.0,"Santo Domingo Pueblo, NM",3585
140833.0,"Shakopee Mdewakanton Sioux Community and Off-Reservation Trust Land, MN",3680
-666666666.0,"Sauk-Suiattle Reservation, WA",3625
28750.0,"Siletz Reservation and Off-Reservation Trust Land, OR",3795
28750.0,"Skokomish Reservation, WA",3825
-666666666.0,"Smith River Reservation and Off-Reservation Trust Land, CA",3855
-666666666.0,"Sac and Fox/Meskwaki Settlement and Off-Reservation Trust Land, IA",3280
53750.0,"San Ildefonso Pueblo and Off-Reservation Trust Land, NM",3415
-666666666.0,"San Manuel Reservation and Off-Reservation Trust Land, CA",3445
31930.0,"Santa Clara Pueblo and Off-Reservation Trust Land, NM",3495
-666666666.0,"Sault Sainte Marie Reservation and Off-Reservation Trust Land, MI",3635
-666666666.0,"Seminole (FL) Trust Land, FL",3665
-666666666.0,"Shoalwater Bay Indian Reservation and Off-Reservation Trust Land, WA",3780
-666666666.0,"Sherwood Valley Rancheria and Off-Reservation Trust Land, CA",3735
76250.0,"Shingle Springs Rancheria and Off-Reservation Trust Land, CA",3750
-666666666.0,"Sokaogon Chippewa Community, WI",3885
-666666666.0,"Snoqualmie Reservation, WA",3860
-666666666.0,"Soboba Reservation and Off-Reservation Trust Land, CA",3870
-666666666.0,"Skull Valley Reservation, UT",3840
46250.0,"Squaxin Island Reservation and Off-Reservation Trust Land, WA",3955
-666666666.0,"Stewarts Point Rancheria, CA",3985
-666666666.0,"Spirit Lake Reservation, ND",3935
-666666666.0,"Stewart Community, NV",3980
51613.0,"Southern Ute Reservation, CO",3925
47188.0,"Standing Rock Reservation, SD--ND",3970
-666666666.0,"South Fork Reservation and Off-Reservation Trust Land, NV",3930
-666666666.0,"Stockbridge Munsee Community and Off-Reservation Trust Land, WI",4015
-666666666.0,"Spokane Reservation and Off-Reservation Trust Land, WA",3940
-666666666.0,"Stillaguamish Reservation and Off-Reservation Trust Land, WA",4000
66875.0,"Susanville Indian Rancheria and Off-Reservation Trust Land, CA",4060
-666666666.0,"Table Bluff Reservation, CA",4095
-666666666.0,"Summit Lake Reservation and Off-Reservation Trust Land, NV",4045
43750.0,"Swinomish Reservation and Off-Reservation Trust Land, WA",4075
-666666666.0,"Sycuan Reservation and Off-Reservation Trust Land, CA",4090
-666666666.0,"Sulphur Bank Rancheria, CA",4030
28947.0,"Taos Pueblo and Off-Reservation Trust Land, NM",4140
37143.0,"Tesuque Pueblo and Off-Reservation Trust Land, NM",4170
-666666666.0,"Table Mountain Rancheria, CA",4110
-666666666.0,"Tampa Reservation, FL",4130
21098.0,"Torres-Martinez Reservation, CA",4255
-666666666.0,"Tonawanda Reservation, NY",4225
-666666666.0,"Trinidad Rancheria and Off-Reservation Trust Land, CA",4275
65417.0,"Tule River Reservation and Off-Reservation Trust Land, CA",4300
-666666666.0,"Timbi-Sha Shoshone Reservation and Off-Reservation Trust Land, CA--NV",4180
36821.0,"Tohono O'odham Nation Reservation and Off-Reservation Trust Land, AZ",4200
74167.0,"Tulalip Reservation and Off-Reservation Trust Land, WA",4290
-666666666.0,"Tonto Apache Reservation and Off-Reservation Trust Land, AZ",4235
-666666666.0,"Tunica-Biloxi Reservation and Off-Reservation Trust Land, LA",4315
-666666666.0,"Tuolumne Rancheria, CA",4330
-666666666.0,"Tuscarora Nation Reservation, NY",4360
-666666666.0,"Turtle Mountain Reservation and Off-Reservation Trust Land, MT--ND--SD",4345
-666666666.0,"Twenty-Nine Palms Reservation and Off-Reservation Trust Land, CA",4375
53667.0,"Uintah and Ouray Reservation and Off-Reservation Trust Land, UT",4390
-666666666.0,"Ute Mountain Reservation and Off-Reservation Trust Land, CO--NM--UT",4470
-666666666.0,"Upper Skagit Reservation, WA",4455
-666666666.0,"Upper Lake Rancheria, CA",4430
61250.0,"Wells Colony, NV",4580
-666666666.0,"Wampanoag-Aquinnah Trust Land, MA",4530
29844.0,"Walker River Reservation, NV",4515
-666666666.0,"White Earth Reservation and Off-Reservation Trust Land, MN",4595
32361.0,"Warm Springs Reservation and Off-Reservation Trust Land, OR",4545
45625.0,"Wind River Reservation and Off-Reservation Trust Land, WY",4610
-666666666.0,"Winnebago Reservation and Off-Reservation Trust Land, NE--IA",4625
-666666666.0,"Woodfords Community, CA",4665
63750.0,"Yavapai-Prescott Reservation, AZ",4710
-666666666.0,"Yomba Reservation, NV",4740
-666666666.0,"Yurok Reservation, CA",4760
36250.0,"Yankton Reservation, SD",4700
2499.0,"Zuni Reservation and Off-Reservation Trust Land, NM--AZ",4785
-666666666.0,"Yavapai-Apache Nation Reservation, AZ",4708
-666666666.0,"Zia Pueblo and Off-Reservation Trust Land, NM",4770
34688.0,"Yerington Colony, NV",4725
-666666666.0,"Kahikinui Hawaiian Home Land, HI",5041
-666666666.0,"Upper Sioux Community and Off-Reservation Trust Land, MN",4445
23750.0,"Umatilla Reservation and Off-Reservation Trust Land, OR",4405
39844.0,"Washoe Ranches Trust Land, NV--CA",4560
51250.0,"Viejas Reservation and Off-Reservation Trust Land, CA",4500
-666666666.0,"Winnemucca Indian Colony, NV",4635
-666666666.0,"XL Ranch Rancheria, CA",4680
41276.0,"Yakama Nation Reservation and Off-Reservation Trust Land, WA",4690
52361.0,"Ysleta del Sur Pueblo and Off-Reservation Trust Land, TX",4755
-666666666.0,"Kickapoo (KS) Reservation/Sac and Fox Nation Trust Land joint-use area, KS",4910
-666666666.0,"San Felipe Pueblo/Santa Ana Pueblo joint-use area, NM",4930
-666666666.0,"San Felipe Pueblo/Santo Domingo Pueblo joint-use area, NM",4940
-666666666.0,"Hanapepe Hawaiian Home Land, HI",5011
-666666666.0,"Honokaia Hawaiian Home Land, HI",5026
69583.0,"Kalamaula Hawaiian Home Land, HI",5046
-666666666.0,"Kalaupapa Hawaiian Home Land, HI",5051
-666666666.0,"Kapaakea Hawaiian Home Land, HI",5076
-666666666.0,"Kamaoa-Puueo Hawaiian Home Land, HI",5056
-666666666.0,"Kamoku-Kapulena Hawaiian Home Land, HI",5066
-666666666.0,"Kapaa Hawaiian Home Land, HI",5071
-666666666.0,"Kapolei Hawaiian Home Land, HI",5083
-666666666.0,"Kaumana Hawaiian Home Land, HI",5086
85313.0,"Kawaihae Hawaiian Home Land, HI",5091
110833.0,"Kaupea Hawaiian Home Land, HI",5088
-666666666.0,"Kamiloloa-Makakupaia Hawaiian Home Land, HI",5061
96875.0,"Anahola (Residential) Hawaiian Home Land, HI",5004
-666666666.0,"Kalaeloa Hawaiian Home Land, HI",5044
-666666666.0,"Kalawahine Hawaiian Home Land, HI",5053
-666666666.0,"East Kapolei Hawaiian Home Land, HI",5008
-666666666.0,"Anahola (Agricultural) Hawaiian Home Land, HI",5003
-666666666.0,"Kanehili Hawaiian Home Land, HI",5067
-666666666.0,"Homuula-Upper Piihonua Hawaiian Home Land, HI",5018
-666666666.0,"Kakaina-Kumuhau Hawaiian Home Land, HI",5043
-666666666.0,"Honokowai Hawaiian Home Land, HI",5029
-666666666.0,"Honomu Hawaiian Home Land, HI",5031
-666666666.0,"Kaohe-Olaa Hawaiian Home Land, HI",5069
-666666666.0,"Keahuolu Hawaiian Home Land, HI",5098
76250.0,"Hoolehua-Palaaau Hawaiian Home Land, HI",5033
-666666666.0,"Keoniki Hawaiian Home Land, HI",5116
-666666666.0,"Honolulu Makai Hawaiian Home Land, HI",5030
-666666666.0,"Haiku Hawaiian Home Land, HI",5009
-666666666.0,"Kealakehe Hawaiian Home Land, HI",5101
56875.0,"Keaukaha Hawaiian Home Land, HI",5106
155750.0,"Kekaha Hawaiian Home Land, HI",5111
-666666666.0,"Lalamilo Hawaiian Home Land, HI",5133
-666666666.0,"Lualualei Hawaiian Home Land, HI",5136
-666666666.0,"Makuu Hawaiian Home Land, HI",5146
-666666666.0,"Moloaa Hawaiian Home Land, HI",5156
93250.0,"Nanakuli Hawaiian Home Land, HI",5161
-666666666.0,"Nienie Hawaiian Home Land, HI",5166
-666666666.0,"Pauahi Hawaiian Home Land, HI",5181
85833.0,"Paukukalo Hawaiian Home Land, HI",5186
-666666666.0,"Lanai City Hawaiian Home Land, HI",5134
-666666666.0,"Keanae-Wailua Hawaiian Home Land, HI",5104
108750.0,"Princess Kahanu Estates Hawaiian Home Land, HI",5198
-666666666.0,"Kewalo Hawaiian Home Land, HI",5120
67083.0,"Panaewa (Residential) Hawaiian Home Land, HI",5177
-666666666.0,"Leialii Hawaiian Home Land, HI",5135
-666666666.0,"Pulehunui Hawaiian Home Land, HI",5199
-666666666.0,"Piihonua Hawaiian Home Land, HI",5193
-666666666.0,"Maili Hawaiian Home Land, HI",5138
82500.0,"Maluohai Hawaiian Home Land, HI",5148
-666666666.0,"Keokea (Agricultural) Hawaiian Home Land, HI",5114
112500.0,"Pearl City Hawaiian Home Land, HI",5188
-666666666.0,"Ponohawaii Hawaiian Home Land, HI",5196
98750.0,"Papakolea Hawaiian Home Land, HI",5179
-666666666.0,"Makaha Valley Hawaiian Home Land, HI",5139
-666666666.0,"Kolaoa Hawaiian Home Land, HI",5123
83750.0,"Panaewa (Agricultural) Hawaiian Home Land, HI",5176
-666666666.0,"Waimea Hawaiian Home Land, HI",5281
-666666666.0,"Puukapu Hawaiian Home Land, HI",5201
-666666666.0,"Ualapue Hawaiian Home Land, HI",5216
-666666666.0,"Waiakea Hawaiian Home Land, HI",5236
90417.0,"Waiehu Hawaiian Home Land, HI",5241
-666666666.0,"Wailau Hawaiian Home Land, HI",5251
-666666666.0,"Waimanalo Hawaiian Home Land, HI",5271
-666666666.0,"Waimanu Hawaiian Home Land, HI",5276
-666666666.0,"Upolu Hawaiian Home Land, HI",5222
81250.0,"Waiohuli (Residential) Hawaiian Home Land, HI",5286
65000.0,"Waianae Kai Hawaiian Home Land, HI",5239
-666666666.0,"Waiku-Hana Hawaiian Home Land, HI",5248
-666666666.0,"Wailua Hawaiian Home Land, HI",5256
-666666666.0,"South Maui Hawaiian Home Land, HI",5213
-666666666.0,"Waiahole Hawaiian Home Land, HI",5223
95417.0,"Waianae Hawaiian Home Land, HI",5238
-666666666.0,"Waiohinu Hawaiian Home Land, HI",5283
-666666666.0,"Eastern Shawnee OTSA, OK",5640
43528.0,"Creek OTSA, OK",5620
43750.0,"Iowa OTSA, OK",5670
57525.0,"Citizen Potawatomi Nation-Absentee Shawnee OTSA, OK",5600
36250.0,"Kaw OTSA, OK",5690
44926.0,"Caddo-Wichita-Delaware OTSA, OK",5540
44119.0,"Chickasaw OTSA, OK",5580
31088.0,"Choctaw OTSA, OK",5590
46432.0,"Cheyenne-Arapaho OTSA, OK",5560
38078.0,"Cherokee OTSA, OK",5550
46740.0,"United Houma Nation (state) SDTSA, LA",9960
126250.0,"Waccamaw Siouan (state) SDTSA, NC",9970
-666666666.0,"Waccamaw SDTSA, SC",9967
25625.0,"Upper South Carolina Pee Dee SDTSA, SC",9963
38750.0,"United Cherokee Ani-Yun-Wiya Nation SDTSA, AL",9950
56875.0,"Wassamasaw SDTSA, SC",9975
54063.0,"Nanticoke Indian Tribe (state) SDTSA, DE",9830
37932.0,"Lumbee (state) SDTSA, NC",9815
35000.0,"MaChis Lower Creek (state) SDTSA, AL",9820
-666666666.0,"Meherrin (state) SDTSA, NC",9825
41458.0,"Nanticoke Lenni Lenape (state) SDTSA, NJ",9835
117857.0,"Ramapough (state) SDTSA, NJ",9850
39583.0,"Star Muskogee Creek (state) SDTSA, AL",9880
-666666666.0,"Lenape Indian Tribe of Delaware SDTSA, DE",9800
-666666666.0,"Pee Dee SDTSA, SC",9844
-666666666.0,"Santee SDTSA, SC",9875
-666666666.0,"Sappony SDTSA, NC",9865
41429.0,"Occaneechi-Saponi SDTSA, NC",9838
67974.0,"Echota Cherokee (state) SDTSA, AL",9680
47788.0,"Four Winds Cherokee (state) SDTSA, LA",9720
-666666666.0,"Haliwa-Saponi (state) SDTSA, NC",9745
30313.0,"Clifton Choctaw (state) SDTSA, LA",9630
30122.0,"Coharie (state) SDTSA, NC",9635
-666666666.0,"Eastern Chickahominy (state) SDTSA, VA",9675
-666666666.0,"Deering ANVSA, AK",6400
-666666666.0,"Eklutna ANVSA, AK",6450
-666666666.0,"Eagle ANVSA, AK",6430
-666666666.0,"Eyak ANVSA, AK",6495
-666666666.0,"Eek ANVSA, AK",6440
72188.0,"Dillingham ANVSA, AK",6405
-666666666.0,"Ekwok ANVSA, AK",6460
-666666666.0,"Ekuk ANVSA, AK",6455
-666666666.0,"Dot Lake ANVSA, AK",6415
-666666666.0,"Evansville ANVSA, AK",6490
-666666666.0,"Egegik ANVSA, AK",6445
-666666666.0,"Emmonak ANVSA, AK",6480
-666666666.0,"Karluk ANVSA, AK",6700
-666666666.0,"Kipnuk ANVSA, AK",6750
-666666666.0,"Kiana ANVSA, AK",6730
41000.0,"Kenaitze ANVSA, AK",6720
-666666666.0,"Kobuk ANVSA, AK",6790
-666666666.0,"Kasaan ANVSA, AK",6705
33750.0,"Klawock ANVSA, AK",6765
-666666666.0,"Kasigluk ANVSA, AK",6710
77609.0,"Knik ANVSA, AK",6785
-666666666.0,"Kivalina ANVSA, AK",6755
-666666666.0,"King Cove ANVSA, AK",6735
-666666666.0,"Copper Center ANVSA, AK",6365
-666666666.0,"Circle ANVSA, AK",6350
-666666666.0,"Chitina ANVSA, AK",6330
-666666666.0,"Chuathbaluk ANVSA, AK",6335
-666666666.0,"Crooked Creek ANVSA, AK",6390
-666666666.0,"Council ANVSA, AK",6380
-666666666.0,"Chistochina ANVSA, AK",6325
-666666666.0,"Chilkoot ANVSA, AK",6315
-666666666.0,"Chignik Lake ANVSA, AK",6305
-666666666.0,"Chignik Lagoon ANVSA, AK",6300
-666666666.0,"Craig ANVSA, AK",6385
-666666666.0,"Chulloonawick ANVSA, AK",6340
-666666666.0,"Chilkat ANVSA, AK",6310
-666666666.0,"Hydaburg ANVSA, AK",6615
-666666666.0,"Ivanof Bay ANVSA, AK",6650
-666666666.0,"Kwigillingok ANVSA, AK",6840
-666666666.0,"Larsen Bay ANVSA, AK",6855
-666666666.0,"Kwethluk ANVSA, AK",6835
-666666666.0,"Lower Kalskag ANVSA, AK",6890
-666666666.0,"Kongiganak ANVSA, AK",6810
-666666666.0,"Koyuk ANVSA, AK",6825
-666666666.0,"Lime Village ANVSA, AK",6875
-666666666.0,"Kokhanok ANVSA, AK",6800
-666666666.0,"Kotzebue ANVSA, AK",6820
-666666666.0,"Kotlik ANVSA, AK",6815
-666666666.0,"McGrath ANVSA, AK",6895
-666666666.0,"Koyukuk ANVSA, AK",6830
-666666666.0,"Levelock ANVSA, AK",6865
-666666666.0,"Kwinhagak ANVSA, AK",6845
46917.0,"Ninilchik ANVSA, AK",7080
-666666666.0,"Newhalen ANVSA, AK",7035
-666666666.0,"Newtok ANVSA, AK",7055
-666666666.0,"New Stuyahok ANVSA, AK",7050
-666666666.0,"Napaimute ANVSA, AK",7005
-666666666.0,"Noatak ANVSA, AK",7085
-666666666.0,"Nenana ANVSA, AK",7030
-666666666.0,"Nikolski ANVSA, AK",7075
-666666666.0,"Nelson Lagoon ANVSA, AK",7025
-666666666.0,"Napaskiak ANVSA, AK",7020
-666666666.0,"Nightmute ANVSA, AK",7065
-666666666.0,"New Koliganek ANVSA, AK",7040
-666666666.0,"Napakiak ANVSA, AK",7010
-666666666.0,"Nikolai ANVSA, AK",7070
-666666666.0,"Marshall ANVSA, AK",6910
-666666666.0,"Manokotak ANVSA, AK",6905
-666666666.0,"Mountain Village ANVSA, AK",6975
28958.0,"Naknek ANVSA, AK",6990
-666666666.0,"Mary's Igloo ANVSA, AK",6915
-666666666.0,"Mentasta Lake ANVSA, AK",6945
-666666666.0,"Minto ANVSA, AK",6965
-666666666.0,"Mekoryuk ANVSA, AK",6935
-666666666.0,"Manley Hot Springs ANVSA, AK",6900
-666666666.0,"Nanwalek ANVSA, AK",6995
-666666666.0,"Old Harbor ANVSA, AK",7150
-666666666.0,"Ouzinkie ANVSA, AK",7180
-666666666.0,"Nuiqsut ANVSA, AK",7125
-666666666.0,"Nondalton ANVSA, AK",7100
-666666666.0,"Ohogamiut ANVSA, AK",7145
-666666666.0,"Paimiut ANVSA, AK",7185
-666666666.0,"Nunapitchuk ANVSA, AK",7135
-666666666.0,"Oscarville ANVSA, AK",7175
-666666666.0,"Noorvik ANVSA, AK",7110
-666666666.0,"Nunam Iqua ANVSA, AK",7133
-666666666.0,"Nulato ANVSA, AK",7130
-666666666.0,"Northway ANVSA, AK",7115
-666666666.0,"Goodnews Bay ANVSA, AK",6545
-666666666.0,"Gulkana ANVSA, AK",6560
-666666666.0,"False Pass ANVSA, AK",6500
-666666666.0,"Golovin ANVSA, AK",6540
-666666666.0,"Hoonah ANVSA, AK",6590
-666666666.0,"Gakona ANVSA, AK",6520
-666666666.0,"Hamilton ANVSA, AK",6570
-666666666.0,"Fort Yukon ANVSA, AK",6515
-666666666.0,"Grayling ANVSA, AK",6550
-666666666.0,"Hooper Bay ANVSA, AK",6595
-666666666.0,"Holy Cross ANVSA, AK",6585
-666666666.0,"Georgetown ANVSA, AK",6535
-666666666.0,"Galena ANVSA, AK",6525
-666666666.0,"Gambell ANVSA, AK",6530
-666666666.0,"Healy Lake ANVSA, AK",6575
-666666666.0,"Chalkyitsik ANVSA, AK",6265
-666666666.0,"Chignik ANVSA, AK",6295
-666666666.0,"Brevig Mission ANVSA, AK",6240
-666666666.0,"Chenega ANVSA, AK",6280
-666666666.0,"Chefornak ANVSA, AK",6275
72500.0,"Chickaloon ANVSA, AK",6290
-666666666.0,"Birch Creek ANVSA, AK",6235
-666666666.0,"Bill Moore's ANVSA, AK",6225
-666666666.0,"Cantwell ANVSA, AK",6255
-666666666.0,"Chevak ANVSA, AK",6285
-666666666.0,"Bethel ANVSA, AK",6205
-666666666.0,"Buckland ANVSA, AK",6250
-666666666.0,"Igiugig ANVSA, AK",6620
-666666666.0,"Kaktovik ANVSA, AK",6680
-666666666.0,"Huslia ANVSA, AK",6610
-666666666.0,"Inalik ANVSA, AK",6630
-666666666.0,"Kalskag ANVSA, AK",6685
-666666666.0,"Iliamna ANVSA, AK",6625
-666666666.0,"Kake ANVSA, AK",6670
-666666666.0,"Hughes ANVSA, AK",6605
-666666666.0,"Kaltag ANVSA, AK",6690
-666666666.0,"Stevens Village ANVSA, AK",7520
-666666666.0,"Teller ANVSA, AK",7570
-666666666.0,"Solomon ANVSA, AK",7500
-666666666.0,"Stebbins ANVSA, AK",7510
-666666666.0,"Tanacross ANVSA, AK",7535
-666666666.0,"Tanana ANVSA, AK",7540
-666666666.0,"Tatitlek ANVSA, AK",7555
-666666666.0,"Telida ANVSA, AK",7565
-666666666.0,"Tazlina ANVSA, AK",7560
-666666666.0,"Takotna ANVSA, AK",7530
-666666666.0,"Stony River ANVSA, AK",7525
-666666666.0,"South Naknek ANVSA, AK",7505
-666666666.0,"St. Michael ANVSA, AK",7375
-666666666.0,"Russian Mission ANVSA, AK",7315
-666666666.0,"Rampart ANVSA, AK",7300
-666666666.0,"St. George ANVSA, AK",7340
-666666666.0,"St. Paul ANVSA, AK",7390
-666666666.0,"Ruby ANVSA, AK",7310
-666666666.0,"Red Devil ANVSA, AK",7305
-666666666.0,"Portage Creek ANVSA, AK",7260
-666666666.0,"Perryville ANVSA, AK",7215
-666666666.0,"Port Heiden ANVSA, AK",7270
-666666666.0,"Point Lay ANVSA, AK",7255
-666666666.0,"Port Graham ANVSA, AK",7265
-666666666.0,"Pedro Bay ANVSA, AK",7205
-666666666.0,"Pilot Station ANVSA, AK",7230
-666666666.0,"Port Lions ANVSA, AK",7275
-666666666.0,"Pilot Point ANVSA, AK",7225
-666666666.0,"Pitkas Point ANVSA, AK",7235
-666666666.0,"Platinum ANVSA, AK",7245
-666666666.0,"Point Hope ANVSA, AK",7250
-666666666.0,"Shaktoolik ANVSA, AK",7450
-666666666.0,"Savoonga ANVSA, AK",7415
-666666666.0,"Shungnak ANVSA, AK",7470
113750.0,"Salamatof ANVSA, AK",7400
53750.0,"Sand Point ANVSA, AK",7410
-666666666.0,"Shishmaref ANVSA, AK",7465
-666666666.0,"Sleetmute ANVSA, AK",7495
-666666666.0,"Selawik ANVSA, AK",7430
-666666666.0,"Scammon Bay ANVSA, AK",7425
-666666666.0,"Seldovia ANVSA, AK",7435
-666666666.0,"Saxman ANVSA, AK",7420
-666666666.0,"Shageluk ANVSA, AK",7440
-666666666.0,"Ione Band of Miwok TDSA, CA",8300
-666666666.0,"Cayuga Nation TDSA, NY",8100
35506.0,"Cher-O-Creek SDTSA, AL",9550
45625.0,"Douglas ANVSA, AK",6420
-666666666.0,"Elim ANVSA, AK",6470
-666666666.0,"King Salmon ANVSA, AK",6740
78750.0,"Ketchikan ANVSA, AK",6725
-666666666.0,"Kodiak ANVSA, AK",6795
-666666666.0,"Clarks Point ANVSA, AK",6360
-666666666.0,"Lake Minchumina ANVSA, AK",6850
-666666666.0,"Lesnoi ANVSA, AK",6860
-666666666.0,"Nome ANVSA, AK",7095
-666666666.0,"Canyon Village ANVSA, AK",6257
-666666666.0,"Tetlin ANVSA, AK",7580
-666666666.0,"Port Alsworth ANVSA, AK",7263
68750.0,"Petersburg ANVSA, AK",7220
55938.0,"Skagway ANVSA, AK",7485
62750.0,"Sitka ANVSA, AK",7475
-666666666.0,"Mattaponi Reservation (state), VA",9230
-666666666.0,"MOWA Choctaw Reservation (state), AL",9240
-666666666.0,"Pamunkey Reservation (state), VA",9260
-666666666.0,"Paucatuck Eastern Pequot Reservation (state), CT",9280
-666666666.0,"Tama Reservation (state), GA",9400
36875.0,"Adais Caddo (state) SDTSA, LA",9510
19643.0,"Apache Choctaw (state) SDTSA, LA",9515
29737.0,"Cherokee Tribe of Northeast Alabama (state) SDTSA, AL",9560
71250.0,"Chickahominy (state) SDTSA, VA",9580
-666666666.0,"Beaver Creek SDTSA, SC",9525
-666666666.0,"Tuluksak ANVSA, AK",7630
-666666666.0,"Unalakleet ANVSA, AK",7690
-666666666.0,"Tuntutuliak ANVSA, AK",7640
-666666666.0,"Toksook Bay ANVSA, AK",7625
-666666666.0,"Tununak ANVSA, AK",7645
-666666666.0,"Togiak ANVSA, AK",7605
-666666666.0,"Tyonek ANVSA, AK",7655
81563.0,"Unalaska ANVSA, AK",7695
-666666666.0,"Twin Hills ANVSA, AK",7650
-666666666.0,"Ugashik ANVSA, AK",7665
-666666666.0,"Wales ANVSA, AK",7740
53750.0,"Yakutat ANVSA, AK",7765
-666666666.0,"White Mountain ANVSA, AK",7745
-666666666.0,"Wainwright ANVSA, AK",7735
48000.0,"Mechoopda TDSA, CA",8450
41012.0,"Samish TDSA, WA",8750
-666666666.0,"Belkofski ANVSA, AK",6195
-666666666.0,"Atka ANVSA, AK",6150
-666666666.0,"Atmautluak ANVSA, AK",6160
-666666666.0,"Atqasuk ANVSA, AK",6165
-666666666.0,"Arctic Village ANVSA, AK",6140
-666666666.0,"Beaver ANVSA, AK",6190
-666666666.0,"Barrow ANVSA, AK",6175
-666666666.0,"Aniak ANVSA, AK",6105
-666666666.0,"Angoon ANVSA, AK",6100
-666666666.0,"Anvik ANVSA, AK",6125
-666666666.0,"Miami OTSA, OK",5730
33750.0,"Pawnee OTSA, OK",5780
38663.0,"Kiowa-Comanche-Apache-Fort Sill Apache OTSA, OK",5720
93068.0,"Otoe-Missouria OTSA, OK",5760
24464.0,"Ottawa OTSA, OK",5770
32841.0,"Kickapoo OTSA, OK",5700
-666666666.0,"Modoc OTSA, OK",5740
-666666666.0,"Peoria OTSA, OK",5795
24155.0,"Kiowa-Comanche-Apache-Ft Sill Apache/Caddo-Wichita-Delaware joint-use OTSA, OK",5955
-666666666.0,"Hassanamisco Reservation (state), MA",9150
-666666666.0,"Golden Hill Paugussett (state) Reservation, CT",9100
-666666666.0,"Poospatuck Reservation (state), NY",9300
-666666666.0,"Schaghticoke Reservation (state), CT",9350
-666666666.0,"Shinnecock Reservation (state), NY",9370
-666666666.0,"Venetie ANVSA, AK",7725
36250.0,"Wrangell ANVSA, AK",7755
38750.0,"Creek/Seminole joint-use OTSA, OK",5915
34643.0,"Kaw/Ponca joint-use OTSA, OK",5950
23750.0,"Miami/Peoria joint-use OTSA, OK",5970
41250.0,"Wyandotte OTSA, OK",5890
44063.0,"Tonkawa OTSA, OK",5860
37604.0,"Seminole OTSA, OK",5830
36250.0,"Ponca OTSA, OK",5800
27000.0,"Seneca-Cayuga OTSA, OK",5835
36635.0,"Sac and Fox OTSA, OK",5820
37143.0,"Quapaw OTSA, OK",5810
-666666666.0,"Alatna ANVSA, AK",6040
-666666666.0,"Akiachak ANVSA, AK",6020
-666666666.0,"Anaktuvuk Pass ANVSA, AK",6080
-666666666.0,"Ambler ANVSA, AK",6075
-666666666.0,"Akutan ANVSA, AK",6030
-666666666.0,"Akhiok ANVSA, AK",6015
-666666666.0,"Akiak ANVSA, AK",6025
-666666666.0,"Allakaket ANVSA, AK",6070
-666666666.0,"Andreafsky ANVSA, AK",6095
-666666666.0,"Alakanuk ANVSA, AK",6035
-666666666.0,"Aleknagik ANVSA, AK",6045
-666666666.0,"Algaaciq ANVSA, AK",6065
